"variable","estimate","se","df","low","high","p","n","baseline","treated","eligible"
"birthyr",-0.57490585971766,1.05325748612349,889.475066558558,-2.6420654468447,1.49225372740938,0.585315533700902,911,1964.45349375686,1963.87858789714,911
"gender=1",-0.0653908857162975,3.25643227289049,906.530288276679,-6.45641371167618,6.32563194024359,0.983983550641156,911,46.8977257135016,46.8323348277853,911
"gender=2",0.065390885716301,3.25643227289049,906.530288276679,-6.32563194024359,6.45641371167619,0.983983550641155,911,53.1022742864983,53.1676651722147,911
"educ=1",-0.19835964329326,0.841940638167951,802.930404999399,-1.85102418903066,1.45430490244414,0.813804598980207,911,1.74130419868277,1.54294455538951,911
"educ=2",3.1339425346832,2.66208132441573,894.566247334311,-2.09070987099257,8.35859494035897,0.239407765850888,911,18.73928032382,21.8732228585032,911
"educ=3",-0.991600182287888,2.72847279867871,905.700200719085,-6.34646459865105,4.36326423407527,0.716370881815018,911,22.0113542810099,21.019754098722,911
"educ=4",-0.506178804129802,2.04610244135644,881.120499836953,-4.52198213655452,3.50962452829492,0.8046664949936,911,10.9109152030735,10.4047363989437,911
"educ=5",0.032315733846481,2.9847228495777,903.385539886793,-5.82548170694636,5.89011317463933,0.991363825794433,911,28.2939420965971,28.3262578304436,911
"educ=6",-1.47011963881873,2.52379304371226,897.394826948336,-6.42334363274256,3.48310435510511,0.560373546374279,911,18.3032038968167,16.833084257998,911
"race=1",1.77869821767862,2.6429175093807,843.071478110324,-3.40877217760025,6.96616861295749,0.501128174490753,911,78.4817508232711,80.2604490409498,911
"race=2",-2.44609578544694,1.75803349103598,665.628812964994,-5.89805487869106,1.00586330779718,0.164574518095578,911,9.11558383644347,6.66948805099653,911
"race=3",-0.994124687553728,1.55190697715931,846.465745841033,-4.04016190282223,2.05191252771477,0.521967243757519,911,6.31860592755214,5.32448123999841,911
"race=4",0.0426117890882962,0.972294547301647,836.900456283683,-1.86581048662667,1.95103406480326,0.965053549384529,911,2.17437911635565,2.21699090544395,911
"race=5",1.76857092199754,0.690218084063234,463.09583001238,0.412223498146922,3.12491834584816,0.0107122763090572,911,0.216537458836443,1.98510838083398,911
"race=6",-1.4822393305384,0.986853802762209,617.434331770835,-3.42023619291656,0.455757531839761,0.133612288920786,911,3.03752744237102,1.55528811183262,911
"race=7",0.890415049330141,0.69297807766613,719.63988227336,-0.470085187910499,2.25091528657078,0.199236846862185,911,0.655615395170142,1.54603044450028,911
"race=8",0.442163825444479,0.312664653617337,446.484852393912,-0.172313326147039,1.056640977036,0.158006234230705,911,0,0.442163825444479,911
"lower_plan",0.309026531483532,3.09045224888314,859.187538284268,-5.75669333545185,6.37474639841891,0.920372454206231,878,69.2908734358214,69.5998999673049,911
