"sample","identity","party","estimate","low","high","n","successes","effective_n","assigned","missing","bound_low","bound_high"
"Full","Including leaners","Pooled",68.4861717612809,65.9810737926902,70.8881898477581,1374,941,1374,1380,6,68.1884057971015,68.6231884057971
"Full","Including leaners","Democrat",64.9739583333333,61.5331106321573,68.2657551027074,768,499,768,771,3,64.7211413748379,65.1102464332036
"Full","Including leaners","Republican",72.9372937293729,69.2637062051505,76.3219121517244,606,442,606,609,3,72.5779967159278,73.0706075533662
"Full","Strict identifiers","Pooled",69.6629213483146,66.8394076387142,72.3454920069955,1068,744,1068,1073,5,69.3383038210624,69.8042870456664
"Full","Strict identifiers","Democrat",66.6666666666667,62.866569437836,70.2618341080307,621,414,621,624,3,66.3461538461538,66.8269230769231
"Full","Strict identifiers","Republican",73.8255033557047,69.5597325962818,77.685256930006,447,330,447,449,2,73.4966592427617,73.9420935412027
"Matched","Including leaners","Pooled",68.3962264150943,65.1900114733693,71.4365223457217,848,580,848,851,3,68.1551116333725,68.5076380728555
"Matched","Including leaners","Democrat",64.6569646569647,60.2841706812655,68.7975007465373,481,311,481,483,2,64.3892339544513,64.8033126293996
"Matched","Including leaners","Republican",73.2970027247956,68.5464701316117,77.5648790535074,367,269,367,368,1,73.0978260869565,73.3695652173913
"Matched","Strict identifiers","Pooled",69.3939393939394,65.7741708357677,72.7892536985753,660,458,660,662,2,69.1842900302115,69.4864048338369
"Matched","Strict identifiers","Democrat",65.7216494845361,60.865435128701,70.2696061625338,388,255,388,390,2,65.3846153846154,65.8974358974359
"Matched","Strict identifiers","Republican",74.6323529411765,69.1430871602905,79.4355422353379,272,203,272,272,0,74.6323529411765,74.6323529411765
"Matched weighted","Including leaners","Pooled",69.4850018667154,65.8285659258331,73.1414378075976,848,580,582.929506513913,851,3,69.2875545570828,69.5717127269442
"Matched weighted","Including leaners","Democrat",65.5273300312048,60.5337649689654,70.5208950934443,481,311,342.162718459213,483,2,65.3186976708431,65.6370875094987
"Matched weighted","Including leaners","Republican",74.1311946214997,68.7806730216585,79.481716221341,367,269,245.118897857366,368,1,73.9503581237024,74.1942992860171
"Matched weighted","Strict identifiers","Pooled",69.5491539073537,65.3590258474819,73.7392819672255,660,458,471.638579438963,662,2,69.3925148095756,69.6177355189271
"Matched weighted","Strict identifiers","Democrat",65.687336122216,60.0456819780565,71.3289902663755,388,255,273.129358195482,390,2,65.4257367079418,65.8239860962065
"Matched weighted","Strict identifiers","Republican",74.5558240569294,68.2408508288211,80.8707972850376,272,203,198.89325866669,272,0,74.5558240569293,74.5558240569293
