"CC18_421a","CC18_421b","income_arm","Freq"
"1","1","1",0
"2","1","1",0
"3","1","1",36
"4","1","1",5
"1","2","1",0
"2","2","1",0
"3","2","1",0
"4","2","1",0
"1","3","1",0
"2","3","1",0
"3","3","1",28
"4","3","1",0
"1","8","1",0
"2","8","1",0
"3","8","1",1
"4","8","1",1
"1","98","1",0
"2","98","1",0
"3","98","1",0
"4","98","1",0
"1","99","1",215
"2","99","1",0
"3","99","1",0
"4","99","1",0
"1","1","2",0
"2","1","2",0
"3","1","2",46
"4","1","2",6
"1","2","2",0
"2","2","2",0
"3","2","2",0
"4","2","2",0
"1","3","2",0
"2","3","2",0
"3","3","2",31
"4","3","2",4
"1","8","2",0
"2","8","2",0
"3","8","2",3
"4","8","2",2
"1","98","2",0
"2","98","2",0
"3","98","2",0
"4","98","2",0
"1","99","2",197
"2","99","2",0
"3","99","2",0
"4","99","2",0
"1","1","3",0
"2","1","3",0
"3","1","3",0
"4","1","3",0
"1","2","3",0
"2","2","3",0
"3","2","3",40
"4","2","3",18
"1","3","3",0
"2","3","3",0
"3","3","3",26
"4","3","3",6
"1","8","3",0
"2","8","3",0
"3","8","3",3
"4","8","3",1
"1","98","3",0
"2","98","3",0
"3","98","3",0
"4","98","3",1
"1","99","3",0
"2","99","3",145
"3","99","3",0
"4","99","3",0
"1","1","4",0
"2","1","4",0
"3","1","4",0
"4","1","4",0
"1","2","4",0
"2","2","4",0
"3","2","4",44
"4","2","4",3
"1","3","4",0
"2","3","4",0
"3","3","4",25
"4","3","4",4
"1","8","4",0
"2","8","4",0
"3","8","4",5
"4","8","4",0
"1","98","4",0
"2","98","4",0
"3","98","4",0
"4","98","4",0
"1","99","4",0
"2","99","4",156
"3","99","4",0
"4","99","4",0
