"sample","identity","party","outcome","estimate","se","df","low","high","p","n","baseline","treated","eligible"
"Full","Including leaners","Pooled","income_support",-20.0061544717564,2.0024836369305,886.130175245894,-23.9363183614366,-16.0759905820762,2.41582974474406e-22,911,46.7106673641603,26.7045128924039,911
"Full","Including leaners","Pooled","income_favor",-18.5817673823725,2.52613660755919,778.438449487897,-23.5406142698607,-13.6229204948843,4.82029374904699e-13,911,28.513481064764,9.93171368239147,911
"Full","Including leaners","Pooled","income_oppose",29.9233724827962,3.16384535243481,904.174270222545,23.7140376621015,36.1327073034909,2.62631008847834e-20,911,34.0109597969265,63.9343322797226,911
"Full","Including leaners","Democrat","income_support",-24.1101123242972,2.55203954456611,492.341965156104,-29.1243442847858,-19.0958803638086,1.40098118776228e-19,505,49.51171875,25.4016064257028,505
"Full","Including leaners","Democrat","income_favor",-25.2039407630522,3.33207687754798,394.61284877144,-31.7547832250828,-18.6530983010216,2.77440210917604e-13,505,32.03125,6.82730923694779,505
"Full","Including leaners","Democrat","income_oppose",32.5944402610442,4.20927399518523,500.58645737382,24.3244196498859,40.8644608722025,5.4023716819856e-14,505,30.859375,63.4538152610442,505
"Full","Including leaners","Republican","income_support",-14.9014778325123,3.18008835762669,403.021732519434,-21.1531105393626,-8.64984512566202,3.81880278899627e-06,406,43.2266009852217,28.3251231527094,406
"Full","Including leaners","Republican","income_favor",-10.3448275862069,3.86672401504076,386.529600189821,-17.9472720902997,-2.74238308211406,0.00778245000645382,406,24.1379310344828,13.7931034482759,406
"Full","Including leaners","Republican","income_oppose",26.6009852216749,4.79436574990162,403.919571330232,17.1759599724329,36.0260104709169,5.22523791695372e-08,406,37.9310344827586,64.5320197044335,406
"Full","Strict identifiers","Pooled","income_support",-22.5066767053404,2.28595160472249,693.736931757301,-26.9948898809233,-18.0184635297575,1.69663217784728e-21,713,49.3617107425282,26.8550340371878,713
"Full","Strict identifiers","Pooled","income_favor",-21.0243750214547,2.93022626729934,606.865589172249,-26.7789898792802,-15.2697601636293,2.11661962985132e-12,713,31.3550051680836,10.3306301466289,713
"Full","Strict identifiers","Pooled","income_oppose",33.1535619912511,3.53944840123802,700.824722764261,26.2043693038778,40.1027546786245,1.00098716675e-19,713,30.302335703866,63.4558976951171,713
"Full","Strict identifiers","Democrat","income_support",-24.0166450242002,2.84957344391579,407.156595339368,-29.6183578232743,-18.4149322251261,6.12627622635276e-16,412,49.6511627906977,25.6345177664975,412
"Full","Strict identifiers","Democrat","income_favor",-24.9864242710424,3.68130089154425,338.531645858592,-32.2275291746177,-17.7453193674671,5.12420972378717e-11,412,32.093023255814,7.10659898477157,412
"Full","Strict identifiers","Democrat","income_oppose",33.6843347892811,4.64771436570693,402.171548736457,24.5474854698963,42.8211841086659,2.18808265818698e-12,412,29.7674418604651,63.4517766497462,412
"Full","Strict identifiers","Republican","income_support",-20.4398762157383,3.75604462975027,296.693598905106,-27.8317413999756,-13.0480110315009,1.10523235442921e-07,301,48.9655172413793,28.525641025641,301
"Full","Strict identifiers","Republican","income_favor",-15.6012378426172,4.77366495886853,270.393286843459,-24.9995154624983,-6.20296022273598,0.00122238359599324,301,30.3448275862069,14.7435897435897,301
"Full","Strict identifiers","Republican","income_oppose",32.4270557029178,5.46105979098068,298.663403000039,21.6800248937894,43.1740865120462,8.01111765873579e-09,301,31.0344827586207,63.4615384615385,301
"Matched","Including leaners","Pooled","income_support",-20.6043321147081,2.19903308611879,725.57849223004,-24.9215592840645,-16.2871049453518,9.0015418917071e-20,743,47.6521847219484,27.0478526072402,743
"Matched","Including leaners","Pooled","income_favor",-19.9200490498893,2.80259707653563,643.544058967586,-25.423388613884,-14.4167094858947,3.14333915469426e-12,743,29.5026490429873,9.58259999309798,743
"Matched","Including leaners","Pooled","income_oppose",30.3968960209584,3.4989645609747,732.296042220108,23.5276981721768,37.26609386974,2.4041615965502e-17,743,32.4999704593536,62.896866480312,743
"Matched","Including leaners","Democrat","income_support",-23.6778846153846,2.7441285166521,426.278338930889,-29.0715916743553,-18.2841775564139,1.24269555223447e-16,430,50,26.3221153846154,430
"Matched","Including leaners","Democrat","income_favor",-24.7401247401247,3.65321594329976,354.995738531436,-31.9247911876094,-17.5554582926401,5.27569411826444e-11,430,32.4324324324324,7.6923076923077,430
"Matched","Including leaners","Democrat","income_oppose",32.289501039501,4.56425517402142,421.389595075835,23.3179574680721,41.2610446109299,6.29291872483443e-12,430,29.7297297297298,62.0192307692308,430
"Matched","Including leaners","Republican","income_support",-16.3818797974849,3.61068645837644,309.300790909733,-23.4864952518901,-9.27726434307965,8.17368657490972e-06,313,44.4267515923567,28.0448717948718,313
"Matched","Including leaners","Republican","income_favor",-13.2982198268823,4.36710214480125,289.411096118607,-21.8935270318849,-4.7029126218796,0.00254019272494727,313,25.4777070063694,12.1794871794872,313
"Matched","Including leaners","Republican","income_oppose",27.7968316184877,5.44696495324225,310.995096192088,17.0792676039257,38.5143956330496,5.82467595406867e-07,313,36.3057324840764,64.1025641025641,313
"Matched","Strict identifiers","Pooled","income_support",-22.5333114294854,2.48725161039567,578.381503303874,-27.4184576573204,-17.6481652016504,2.00603051731695e-18,594,49.8073541299923,27.2740427005068,594
"Matched","Strict identifiers","Pooled","income_favor",-22.296084070826,3.20622015237604,511.090051179953,-28.5950767659426,-15.9970913757093,1.0895635895693e-11,594,32.1911006402985,9.89501656947254,594
"Matched","Strict identifiers","Pooled","income_oppose",32.7772252374593,3.88482940471177,579.227410240451,25.1471561619498,40.4072943129689,2.60250216998476e-16,594,29.9868745501544,62.7640997876137,594
"Matched","Strict identifiers","Democrat","income_support",-24.2034647282974,3.06079960162931,351.845358677383,-30.2232287170448,-18.1837007395501,3.4247177447887e-14,354,50.4010695187166,26.1976047904192,354
"Matched","Strict identifiers","Democrat","income_favor",-25.3706490761792,4.02984955445559,301.073566652329,-33.300887616787,-17.4404105355714,1.08044505869955e-09,354,33.1550802139038,7.78443113772455,354
"Matched","Strict identifiers","Democrat","income_oppose",33.9972461494124,5.01036995856292,341.260924046643,24.1421502005536,43.8523420982712,5.13058644276051e-11,354,28.8770053475936,62.874251497006,354
"Matched","Strict identifiers","Republican","income_support",-20.0698353137378,4.18489693161645,235.539937365338,-28.3144450419397,-11.8252255855358,2.87452422052116e-06,240,48.9316239316239,28.8617886178862,240
"Matched","Strict identifiers","Republican","income_favor",-17.76110068793,5.25728274755458,211.477583162706,-28.1244928491858,-7.39770852667412,0.000867955489697316,240,30.7692307692308,13.0081300813008,240
"Matched","Strict identifiers","Republican","income_oppose",30.9776943923285,6.15067854210822,237.972809391021,18.8609641949564,43.0944245897007,9.3723605944899e-07,240,31.6239316239316,62.6016260162602,240
"Matched weighted","Including leaners","Pooled","income_support",-20.7565605411092,2.59030048710385,739,-25.8417847580366,-15.6713363241817,4.35624695748236e-15,743,48.7182597828395,27.9616992417304,743
"Matched weighted","Including leaners","Pooled","income_favor",-20.8916628693827,3.57317232955335,739,-27.9064407115533,-13.8768850272121,7.519519422655e-09,743,30.7996838773129,9.90802100793022,743
"Matched weighted","Including leaners","Pooled","income_oppose",30.8199004978756,4.13205761795647,739,22.7079306437274,38.9318703520238,2.45503751590273e-13,743,31.2328529523766,62.0527534502522,743
"Matched weighted","Including leaners","Democrat","income_support",-23.7555376703112,3.23515917328316,428,-30.1143145708615,-17.3967607697609,1.0629310305681e-12,430,51.3980774342304,27.6425397639192,430
"Matched weighted","Including leaners","Democrat","income_favor",-25.1747245623466,4.37289060006402,428,-33.769737743136,-16.5797113815571,1.6354448302099e-08,430,33.0185759425845,7.84385138023794,430
"Matched weighted","Including leaners","Democrat","income_oppose",32.5091853771973,5.39880123811183,428,21.8977221493374,43.1206486050572,3.72103190187087e-09,430,28.1917022163433,60.7008875935406,430
"Matched weighted","Including leaners","Republican","income_support",-17.0616653228096,4.18815128787856,311,-25.3023603063254,-8.82097033929392,5.87573712311412e-05,313,45.416585578784,28.3549202559743,313
"Matched weighted","Including leaners","Republican","income_favor",-15.6147089323499,5.88065975846831,311,-27.1856193508987,-4.04379851380108,0.00833276722719289,313,28.0658938786955,12.4511849463456,313
"Matched weighted","Including leaners","Republican","income_oppose",28.7386139944962,6.38899790249829,311,16.1674867008881,41.3097412881043,9.69295865256701e-06,313,34.9797082395615,63.7183222340577,313
"Matched weighted","Strict identifiers","Pooled","income_support",-21.844811711808,2.88592807916273,590,-27.5127539807131,-16.1768694429028,1.45048730267449e-13,594,50.2135413436777,28.3687296318698,594
"Matched weighted","Strict identifiers","Pooled","income_favor",-22.4268458874245,4.08331024235154,590,-30.4464382281982,-14.4072535466507,5.90321243391005e-08,594,32.6605284992655,10.2336826118411,594
"Matched weighted","Strict identifiers","Pooled","income_oppose",32.2640729866985,4.63427983770435,590,23.1623802703368,41.3657657030602,8.9645497915515e-12,594,29.5811509905669,61.8452239772654,594
"Matched weighted","Strict identifiers","Democrat","income_support",-22.4004125484008,3.53307519797606,352,-29.3490042123664,-15.4518208844352,7.03701918812882e-10,354,50.316713158136,27.9163006097352,354
"Matched weighted","Strict identifiers","Democrat","income_favor",-23.320295114665,4.72654703083308,352,-32.6161191369224,-14.0244710924075,1.24573055639938e-06,354,31.5604912344586,8.24019611979363,354
"Matched weighted","Strict identifiers","Democrat","income_oppose",32.3026646241112,6.00496436012686,352,20.4925437076103,44.1127855406122,1.36633613978721e-07,354,28.9454670828298,61.248131706941,354
"Matched weighted","Strict identifiers","Republican","income_support",-21.1259505284186,4.78814759718263,238,-30.5585128555315,-11.6933882013056,1.55189102328349e-05,240,50.0800530410166,28.954102512598,240
"Matched weighted","Strict identifiers","Republican","income_favor",-21.2708613631191,7.09454745909684,238,-35.2469888179135,-7.29473390832472,0.00300384541684771,240,34.0838058557233,12.8129444926042,240
"Matched weighted","Strict identifiers","Republican","income_oppose",32.2141414021646,7.25525124323057,238,17.9214304609012,46.5068523434279,1.37675867517113e-05,240,30.4036272290475,62.6177686312121,240
