"party","high","response","n","assigned","percent"
"Democrat",0,1,35,256,13.671875
"Democrat",0,2,47,256,18.359375
"Democrat",0,3,95,256,37.109375
"Democrat",0,4,36,256,14.0625
"Democrat",0,5,43,256,16.796875
"Democrat",1,1,4,249,1.60642570281124
"Democrat",1,2,13,249,5.22088353413655
"Democrat",1,3,74,249,29.718875502008
"Democrat",1,4,50,249,20.0803212851406
"Democrat",1,5,108,249,43.3734939759036
"Republican",0,1,26,203,12.807881773399
"Republican",0,2,23,203,11.3300492610837
"Republican",0,3,77,203,37.9310344827586
"Republican",0,4,24,203,11.8226600985222
"Republican",0,5,53,203,26.1083743842365
"Republican",1,1,15,203,7.38916256157635
"Republican",1,2,13,203,6.40394088669951
"Republican",1,3,44,203,21.6748768472906
"Republican",1,4,43,203,21.1822660098522
"Republican",1,5,88,203,43.3497536945813
