"sample","group","estimate","se","df","low","high","p","n","baseline","treated","eligible"
"Full","All",8.21423750612353,1.32556694921283,1620.89030011395,5.61423255411377,10.8142424581333,7.29349425450952e-10,1624,50.8733087330873,59.0875462392109,1625
"Full","White",6.27720790592944,1.56066036374823,1156.94424839248,3.2151664312499,9.33924938060897,6.14094089179258e-05,1159,52.2942206654991,58.5714285714286,1160
"Full","Black",26.0805445263755,4.08081081722735,146.818703684067,18.0158276119331,34.1452614408179,2.0588350628032e-09,168,39.2682926829268,65.3488372093023,168
"Full","Other races",5.62226277372262,3.09640340559921,290.48733448112,-0.471967123872377,11.7164926713176,0.0704412011296213,297,51.75,57.3722627737226,297
"Full","Democrat",16.1103555992406,1.76545504125048,766.422373111929,12.6446542787459,19.5760569197352,6.21140912064925e-19,771,49.0355329949239,65.1458885941644,771
"Full","Republican",-1.7790879139934,2.17363508509059,605.607233818698,-6.04786566428656,2.48968983629976,0.413402187358309,608,58.4246575342466,56.6455696202532,609
"Matched","All",9.1433624494336,1.63797243331496,996.44478859196,5.92909123330275,12.3576336655645,3.06259271373085e-08,1000,51.4460285132383,60.5893909626719,1000
"Matched","White",6.92729577775328,1.89043695797177,759.96977998265,3.21619711297886,10.6383944425277,0.000265157685529757,762,52.6063829787234,59.5336787564767,762
"Matched","Black",29.7070707070707,5.27540664923225,63.4622626270144,19.1665143086865,40.2476271054549,4.37092084903348e-07,91,36.1111111111111,65.8181818181818,91
"Matched","Other races",9.44154877140729,4.14104022406163,141.722561869504,1.2553572085506,17.627740334264,0.0241005750655651,147,52.9113924050633,62.3529411764706,147
"Matched","Democrat",16.577077540933,2.12048409609607,480.751900620645,12.41051560523,20.7436394766359,3.42880267042756e-14,483,50.6024096385542,67.1794871794872,483
"Matched","Republican",-1.3558106169297,2.74890316194296,358.992744320188,-6.76178728029298,4.05016604643358,0.622159590836101,368,58.4146341463415,57.0588235294118,368
"Matched weighted","All",9.55663393862305,2.10562297494393,998,5.4246776512901,13.688590225956,6.35157969537508e-06,1000,50.7139609534147,60.2705948920377,1000
"Matched weighted","White",5.95150802676292,2.13504182809837,760,1.76022815279878,10.142787900727,0.0054436383547866,762,53.2846290139475,59.2361370407104,762
"Matched weighted","Black",39.6300190071699,6.71322640351301,89,26.2909811384264,52.9690568759134,6.36975299336954e-08,91,28.2265910257242,67.8566100328941,91
"Matched weighted","Other races",3.96898021761879,6.72899124604843,145,-9.33059887750677,17.2685593127443,0.556220708955549,147,53.4136518326068,57.3826320502256,147
"Matched weighted","Democrat",17.0404432512875,2.30753912571598,481,12.5063407846496,21.5745457179253,6.78892676714098e-13,483,50.8344116189157,67.8748548702032,483
"Matched weighted","Republican",-0.72418539662516,3.04910931434766,366,-6.72015739650499,5.27178660325467,0.812396232571658,368,59.3177610060012,58.593575609376,368
