"variable","label","values"
"teamweight","Team Weight",""
"tookpost","Took post-election survey","1=No; 2=Yes"
"birthyr","Birth Year",""
"gender","Gender","1=Male; 2=Female; 8=skipped; 9=not asked"
"educ","Education","1=No HS; 2=High school graduate; 3=Some college; 4=2-year; 5=4-year; 6=Post-grad; 8=skipped; 9=not asked"
"race","Race","1=White; 2=Black; 3=Hispanic; 4=Asian; 5=Native American; 6=Mixed; 7=Other; 8=Middle Eastern; 98=skipped; 99=not asked"
"pid3","3 point party ID","1=Democrat; 2=Republican; 3=Independent; 4=Other; 5=Not sure; 8=skipped; 9=not asked"
"pid7","7 point Party ID","1=Strong Democrat; 2=Not very strong Democrat; 3=Lean Democrat; 4=Independent; 5=Lean Republican; 6=Not very strong Republican; 7=Strong Republican; 8=Not sure; 9=Don't know; 98=skipped; 99=not asked"
"pid3lean","","-1=Democrat; 0=Independent; 1=Republican"
"CC18_421a","3 pt party ID","1=Democrat; 2=Republican; 3=Independent; 4=Other; 8=skipped; 9=not asked"
"CC18_421b","Party ID lean","1=The Democratic Party; 2=The Republican Party; 3=Neither; 8=Not sure; 98=skipped; 99=not asked"
"UCMpareto","Pareto","1=Smith Plan; 2=Williams Plan; 8=skipped; 9=not asked"
"UCMincrease_treat","UCMincrease images treatment","1=Dem 5 Rep 3; 2=Dem 5 Rep 7; 3=Rep 5 Dem 3; 4=Rep 5 Dem 7; 8=skipped; 9=not asked"
"UCMincrease","Feelings about new plan","1=Strongly Support; 2=Somewhat Support; 3=Neither Support Nor Oppose; 4=Somewhat Oppose; 5=Strongly Oppose; 8=skipped; 9=not asked"
"UCMjobs","Vote for John","1=Extremely likely; 2=Very likely; 3=Somewhat likely; 4=Somewhat unlikely; 5=Very unlikely; 6=Extremely unlikely; 8=skipped; 9=not asked"
"UCMjobstreat","UCMjobs treatment","1=Black; 2=White; 8=skipped; 9=not asked"
"UCMjobsparty","UCMjobsparty treatment","1=Democrat; 2=Republican; 8=skipped; 9=not asked"
