"row_id","matched","teamweight","tookpost","birthyr","gender","educ","race","pid3","pid7","pid3lean","CC18_421a","CC18_421b","UCMpareto","UCMincrease_treat","UCMincrease","UCMjobs","UCMjobstreat","UCMjobsparty"
1,1,1.02680596693948,2,1952,2,6,1,1,1,-1,1,99,2,2,4,3,1,1
2,1,0.941797154315434,2,1947,1,2,1,2,6,1,2,99,2,4,5,1,2,2
3,0,,2,1951,1,4,1,1,1,-1,1,99,2,2,5,4,1,1
4,0,,2,1959,2,5,1,3,3,-1,3,1,2,2,4,1,1,1
5,0,,2,1959,2,5,1,1,1,-1,1,99,2,2,4,3,2,1
6,0,,1,1979,1,2,1,1,1,-1,,,2,,,3,2,1
7,0,,1,1995,2,5,1,1,1,-1,,,1,,,2,1,1
8,0,,1,1985,2,4,2,3,4,0,,,9,,,3,1,1
9,0,,1,1968,2,3,1,1,2,-1,,,2,,,1,1,1
10,1,0.431913301722266,2,1972,1,5,1,4,4,0,3,3,9,1,5,6,2,1
11,0,,1,1964,2,3,1,3,5,1,,,1,,,3,2,2
12,0,,1,1970,2,6,7,3,3,-1,,,2,,,2,1,1
13,0,,1,1958,2,6,2,1,1,-1,,,2,,,6,2,1
14,1,1.55286865245729,1,1994,1,2,1,1,2,-1,,,1,,,3,1,1
15,1,1.08587844755145,1,1995,2,3,1,3,5,1,,,2,,,2,2,2
16,0,,1,1962,2,2,1,1,2,-1,,,2,,,4,1,1
17,1,0.568651149110885,1,1991,2,2,1,2,7,1,,,2,,,4,2,2
18,0,,1,1961,2,3,2,1,2,-1,,,1,,,6,2,1
19,0,,1,1993,2,5,1,2,6,1,,,2,,,4,2,2
20,1,0.875266404181805,2,1948,2,2,1,3,5,1,3,2,1,4,5,3,2,2
21,0,,1,1990,2,3,2,1,1,-1,,,1,,,4,2,1
22,0,,1,1991,2,5,3,1,1,-1,,,2,,,2,2,1
23,0,,1,1983,1,2,3,2,7,1,,,1,,,6,2,2
24,0,,1,1989,2,6,4,2,6,1,,,1,,,3,1,2
25,0,,1,1989,2,5,1,1,1,-1,,,1,,,2,1,1
26,0,,1,1964,1,2,3,1,2,-1,,,2,,,6,1,1
27,0,,1,1993,2,5,1,2,7,1,,,2,,,3,1,2
28,0,,1,1992,2,3,1,3,5,1,,,2,,,2,1,2
29,0,,1,1975,2,4,1,3,4,0,,,9,,,3,1,2
30,1,1.92378080628024,1,1996,1,4,1,1,2,-1,,,1,,,2,1,1
31,0,,1,1990,2,3,2,1,1,-1,,,2,,,3,2,1
32,0,,1,1993,2,5,1,4,4,0,,,9,,,4,1,2
33,0,,1,1959,1,5,3,3,4,0,,,9,,,3,1,2
34,0,,1,1973,2,2,3,1,1,-1,,,2,,,4,2,1
35,0,,1,1960,2,3,2,3,4,0,,,9,,,6,2,1
36,0,,1,1947,1,3,2,1,2,-1,,,2,,,1,1,1
37,0,,1,1990,1,3,1,2,6,1,,,2,,,3,2,2
38,0,,1,1991,1,5,3,3,3,-1,,,2,,,3,1,1
39,1,0.452430401626972,1,1997,2,2,1,5,8,,,,9,,,3,2,1
40,0,,1,1997,2,4,1,4,4,0,,,9,,,4,2,1
41,0,,1,1993,2,3,1,2,6,1,,,1,,,3,2,2
42,0,,1,1961,1,6,4,3,4,0,,,9,,,3,1,2
43,0,,1,1983,2,6,1,2,6,1,,,1,,,3,2,2
44,0,,1,1960,2,2,1,1,1,-1,,,1,,,1,1,1
45,0,,1,1992,2,3,1,3,8,,,,9,,,3,1,1
46,0,,1,1994,2,5,3,1,1,-1,,,2,,,4,2,1
47,0,,1,1958,1,2,1,5,8,,,,9,,,4,1,1
48,1,1.79716024672859,1,1977,1,2,1,3,4,0,,,9,,,4,1,2
49,0,,1,1964,2,2,3,1,1,-1,,,1,,,4,2,1
50,0,,1,1963,1,3,2,3,4,0,,,9,,,3,1,1
51,1,1.47802318909352,1,1996,1,2,1,3,4,0,,,9,,,3,1,2
52,1,0.995260392378306,1,1942,1,2,1,1,2,-1,,,2,,,3,2,1
53,0,,1,1954,1,5,2,1,1,-1,,,2,,,2,2,1
54,0,,1,1955,1,2,1,3,5,1,,,2,,,4,1,2
55,0,,1,1948,2,5,7,4,4,0,,,9,,,1,2,2
56,1,0.779350683025607,1,1941,2,2,1,1,1,-1,,,2,,,2,1,1
57,1,1.92378080628024,1,1999,1,3,1,3,5,1,,,2,,,2,2,2
58,0,,1,1955,2,5,1,3,4,0,,,9,,,3,1,1
59,0,,1,1960,2,2,1,1,2,-1,,,2,,,4,1,1
60,0,,1,1993,2,5,4,1,2,-1,,,2,,,3,1,1
61,1,0.832663226638276,2,1963,1,6,1,3,3,-1,3,1,1,2,3,2,2,1
62,0,,1,1946,2,2,1,2,7,1,,,1,,,2,1,2
63,0,,1,1980,1,5,2,3,4,0,,,9,,,5,2,2
64,0,,1,1952,1,2,1,4,4,0,,,9,,,4,2,2
65,1,4.31304420476677,1,2000,1,2,1,5,4,0,,,9,,,3,2,1
66,0,,1,1974,2,4,2,1,1,-1,,,2,,,3,1,1
67,0,,1,1984,2,3,3,2,7,1,,,2,,,4,2,2
68,0,,1,1986,2,5,6,4,4,0,,,9,,,4,2,1
69,0,,1,1949,1,6,1,3,5,1,,,1,,,2,1,2
70,0,,1,1985,1,5,3,1,1,-1,,,2,,,1,1,1
71,0,,1,1956,1,1,3,1,1,-1,,,2,,,6,2,1
72,0,,1,1987,1,1,1,2,7,1,,,2,,,1,1,2
73,0,,1,1962,1,3,3,1,2,-1,,,2,,,5,1,1
74,0,,1,1962,2,2,4,5,8,,,,9,,,5,2,1
75,0,,1,1986,2,3,2,1,1,-1,,,2,,,6,2,1
76,0,,1,1979,1,2,1,5,8,,,,9,,,3,1,1
77,1,0.787936919270103,2,1964,1,5,1,1,1,-1,1,99,2,1,4,1,2,1
78,0,,1,1966,1,4,1,4,5,1,,,2,,,3,1,2
79,1,1.03310729501102,2,1957,2,5,1,1,2,-1,1,99,2,1,3,3,2,1
80,1,5.02712064885126,1,1960,2,1,1,2,6,1,,,1,,,3,1,2
81,0,,2,1952,1,3,1,3,3,-1,3,1,1,2,3,6,2,1
82,1,0.79481499731332,2,1974,2,5,1,3,5,1,3,2,2,4,5,3,1,2
83,1,0.24239024595248,2,1936,1,5,1,2,7,1,2,99,2,4,3,2,2,2
84,0,,2,1956,1,5,1,3,4,0,3,3,9,4,5,6,1,1
85,1,1.21145713889109,2,1965,2,4,4,3,5,1,3,2,2,4,3,3,2,2
86,1,1.07546304525889,2,1986,2,6,1,2,7,1,2,99,2,3,3,1,2,2
87,1,1.97772702299486,2,1951,1,3,2,1,2,-1,1,99,1,1,1,2,1,1
88,0,,2,1953,2,3,1,2,7,1,2,99,1,4,5,6,1,2
89,1,1.1907352348586,2,1958,2,3,1,2,7,1,2,99,2,3,1,3,1,2
90,1,0.561360439339095,2,1957,1,4,1,3,4,0,3,3,9,4,5,4,1,1
91,0,,1,1953,1,1,1,2,7,1,,,2,,,2,2,2
92,1,0.884909359897196,2,1965,1,5,1,2,7,1,2,99,2,3,3,2,2,2
93,1,0.804619102754207,2,1942,1,3,1,2,7,1,2,99,2,4,5,2,2,2
94,0,,1,1984,1,5,1,2,7,1,,,2,,,3,2,2
95,0,,2,1958,2,2,1,1,2,-1,1,99,2,2,5,4,1,1
96,0,,2,1948,2,5,1,3,3,-1,3,1,2,1,4,4,1,1
97,1,0.630825735270836,2,1960,2,2,1,1,1,-1,1,99,2,1,2,2,1,1
98,0,,2,1958,1,4,3,1,2,-1,1,99,2,2,5,4,2,1
99,0,,2,1970,1,6,5,3,4,0,3,3,9,2,5,1,2,2
100,1,0.911459082975157,2,1936,2,4,1,1,1,-1,1,99,2,2,5,1,1,1
101,1,0.683298351284561,2,1949,2,5,1,1,1,-1,1,99,1,1,4,2,1,1
102,1,0.909078999428465,2,1985,2,3,1,2,7,1,2,99,2,3,1,2,2,2
103,0,,2,1960,2,3,6,3,4,0,3,3,9,1,5,5,2,1
104,0,,2,1956,1,6,1,1,1,-1,1,99,1,1,3,2,1,1
105,0,,2,1961,2,6,1,1,2,-1,1,99,1,1,3,5,1,1
106,1,1.13174585007501,2,1981,2,1,1,3,4,0,3,3,9,4,3,6,2,2
107,1,1.09744418390033,2,1984,2,5,1,1,2,-1,1,99,2,2,5,2,1,1
108,1,0.628691726019773,2,1952,1,5,1,3,4,0,3,2,9,3,5,6,2,2
109,1,0.911459082975157,2,1952,2,3,1,3,3,-1,3,1,1,1,5,3,2,1
110,0,,2,1946,2,6,1,4,4,0,4,2,9,3,5,2,2,2
111,0,,2,1954,1,5,1,3,4,0,3,3,9,3,3,6,1,1
112,0,,2,1962,2,6,1,3,5,1,3,2,2,3,5,2,1,2
113,0,,2,1956,1,3,1,2,7,1,2,99,1,4,5,2,1,2
114,1,0.919111093676434,2,1967,2,2,2,3,3,-1,3,1,2,2,5,5,2,1
115,0,,2,1944,1,6,1,4,5,1,4,2,1,3,3,3,2,2
116,0,,1,1955,2,3,7,2,6,1,,,2,,,4,2,2
117,0,,2,1950,1,6,1,1,2,-1,1,99,2,2,3,3,1,1
118,1,0.935140193173035,2,1962,1,6,1,3,5,1,3,2,2,3,3,1,1,2
119,1,0.636388753635995,2,1954,1,2,1,1,2,-1,1,99,1,1,2,4,2,1
120,0,,2,1962,2,3,1,3,4,0,3,2,9,4,5,6,1,1
121,0,,2,1943,1,6,1,2,7,1,2,99,2,4,2,3,2,2
122,1,1.02363355994942,2,1951,2,4,1,3,5,1,3,3,2,1,5,4,1,2
123,0,,2,1957,2,4,1,2,7,1,2,99,1,3,3,3,1,2
124,0,,1,1939,1,5,1,1,1,-1,,,2,,,3,2,1
125,0,,2,1955,2,5,1,1,1,-1,1,99,2,2,5,1,2,1
126,1,2.11430565543226,2,1952,2,6,3,2,7,1,2,99,2,3,3,3,1,2
127,1,0.884909359897196,2,1959,1,5,1,2,6,1,3,2,2,3,5,2,1,2
128,1,1.02680596693948,2,1936,2,6,1,1,1,-1,1,99,2,1,3,6,2,1
129,1,1.1907352348586,2,1958,2,3,1,2,7,1,2,99,2,4,5,2,2,2
130,1,1.003085291862,2,1943,1,3,1,2,6,1,2,99,2,3,4,4,1,2
131,1,0.941797154315434,2,1940,1,2,1,2,7,1,2,99,1,3,3,4,1,2
132,1,0.875266404181805,2,1935,2,2,1,2,7,1,2,99,2,3,3,5,1,2
133,0,,1,1949,1,6,1,4,5,1,,,2,,,2,1,2
134,1,0.875266404181805,2,1947,2,2,1,2,6,1,2,99,1,3,1,5,2,2
135,0,,1,1949,1,3,1,2,7,1,,,2,,,3,2,2
136,0,,2,1951,1,6,1,3,4,0,3,3,9,3,3,3,2,1
137,0,,2,1945,1,6,3,3,3,-1,3,3,1,4,3,3,2,1
138,1,1.03310729501102,2,1956,2,5,1,1,1,-1,1,99,2,2,5,4,2,1
139,0,,2,1949,1,6,1,3,3,-1,3,1,2,1,5,2,1,1
140,0,,2,1961,1,5,7,1,1,-1,1,99,2,1,2,1,2,1
141,1,1.51943517303891,2,1967,2,6,8,2,7,1,2,99,2,4,4,2,1,2
142,0,,2,1957,1,6,1,2,6,1,2,99,1,3,2,3,1,2
143,1,0.838590687338716,2,1946,1,2,1,1,1,-1,1,99,1,2,4,6,1,1
144,1,0.683298351284561,2,1943,2,5,1,1,1,-1,1,99,2,1,5,3,1,1
145,0,,1,1927,1,5,1,3,3,-1,,,1,,,5,2,1
146,1,1.03310729501102,2,1958,2,5,1,1,1,-1,1,99,2,2,5,4,2,1
147,0,,2,1958,1,3,1,2,7,1,2,99,1,3,1,1,2,2
148,0,,2,1950,2,4,1,3,4,0,3,2,9,3,4,5,1,1
149,0,,2,1949,2,3,1,1,1,-1,1,99,2,2,5,3,1,1
150,0,,2,1957,1,6,1,2,6,1,2,99,1,4,5,5,1,2
151,1,2.35939762261887,2,1969,1,1,1,2,7,1,2,99,2,4,5,4,2,2
152,0,,2,1961,1,3,2,1,1,-1,1,99,1,2,4,3,2,1
153,0,,2,1951,1,3,1,4,5,1,4,2,2,3,5,2,2,2
154,0,,1,1972,2,5,1,2,7,1,,,2,,,3,2,2
155,1,1.06024898722943,2,1968,2,4,1,3,3,-1,3,1,2,2,5,5,2,1
156,1,0.612698665804795,2,1936,1,5,1,2,6,1,3,3,1,2,3,4,2,2
157,0,,2,1950,1,4,1,2,7,1,4,2,2,3,5,2,1,2
158,0,,2,1950,1,5,1,2,7,1,2,99,2,3,5,1,2,2
159,1,0.448018604604137,2,1952,1,5,5,1,1,-1,1,99,1,2,5,2,1,1
160,0,,2,1951,2,6,1,3,3,-1,3,1,1,2,5,3,1,1
161,0,,2,1960,2,5,1,3,3,-1,3,3,2,4,5,4,1,1
162,0,,2,1956,2,3,1,1,1,-1,1,99,2,2,4,2,1,1
163,1,1.1083703319901,2,1968,2,6,1,2,6,1,4,2,2,3,3,4,2,2
164,0,,2,1956,2,4,1,1,1,-1,1,99,1,1,5,2,2,1
165,0,,2,1954,1,5,3,2,6,1,2,99,2,3,3,6,1,2
166,0,,2,1957,2,3,1,1,1,-1,1,99,1,1,3,2,1,1
167,0,,1,1948,2,3,1,2,7,1,,,2,,,4,1,2
168,0,,2,1962,2,3,1,2,7,1,2,99,2,4,5,6,1,2
169,1,0.683298351284561,2,1938,2,5,1,1,1,-1,1,99,2,2,1,5,2,1
170,1,0.779350683025607,2,1947,2,2,1,1,1,-1,1,99,2,1,5,4,2,1
171,1,0.947045175826396,2,1972,2,6,1,3,3,-1,1,99,1,1,3,3,1,1
172,0,,2,1957,2,3,1,2,7,1,2,99,2,3,3,3,1,2
173,1,0.571603777263171,2,1965,2,2,1,5,8,,3,3,9,2,4,4,2,2
174,0,,1,1966,1,3,3,2,7,1,,,2,,,2,2,2
175,0,,2,1947,1,5,1,2,7,1,2,99,2,4,3,3,1,2
176,1,1.02363355994942,2,1952,2,3,1,3,5,1,3,3,2,3,4,2,2,2
177,0,,1,1964,1,5,1,1,1,-1,,,1,,,3,2,1
178,0,,1,1992,2,3,1,2,7,1,,,1,,,1,1,2
179,0,,2,1950,1,6,1,1,1,-1,1,99,2,1,1,2,1,1
180,0,,1,1964,2,5,1,4,3,-1,,,1,,,4,2,1
181,0,,1,1947,2,2,1,1,2,-1,,,2,,,5,1,1
182,1,1.02363355994942,2,1952,2,3,1,2,7,1,2,99,2,3,3,4,2,2
183,0,,1,1977,2,3,1,1,1,-1,,,1,,,2,2,1
184,1,1.02680596693948,2,1946,2,6,1,1,1,-1,1,99,2,1,5,2,1,1
185,1,0.808893906309563,1,1993,2,1,1,3,4,0,,,9,,,6,1,2
186,1,0.610252022406666,2,1985,1,4,1,3,4,0,3,3,9,3,4,3,1,1
187,1,0.941797154315434,2,1935,1,2,1,1,2,-1,1,99,2,2,4,4,2,1
188,1,0.683298351284561,2,1942,2,5,1,1,1,-1,1,99,1,2,5,5,2,1
189,1,0.787936919270103,2,1963,1,5,1,1,1,-1,1,99,2,1,5,3,1,1
190,1,1.02363355994942,2,1945,2,3,1,2,7,1,2,99,1,4,5,2,2,2
191,0,,2,1947,2,6,1,3,3,-1,4,1,2,2,5,1,1,1
192,1,0.683298351284561,2,1947,2,5,1,1,1,-1,1,99,2,2,3,2,1,1
193,1,0.804619102754207,2,1940,1,3,1,3,5,1,3,2,2,4,4,2,1,2
194,0,,1,1957,1,3,1,5,8,,,,9,,,6,2,2
195,0,,2,1951,1,3,1,2,6,1,2,99,1,4,5,2,2,2
196,1,0.856043843845039,2,1970,1,3,1,1,1,-1,1,99,1,1,5,2,2,1
197,1,0.787936919270103,2,1965,1,5,1,1,1,-1,1,99,2,2,5,1,1,1
198,1,0.75218392109989,2,1957,2,5,1,4,3,-1,4,1,2,1,4,2,2,1
199,1,0.589366552341725,2,1958,2,4,1,1,2,-1,1,99,2,1,1,2,1,1
200,1,1.03736254827149,2,1967,1,2,1,2,6,1,2,99,2,3,5,5,1,2
201,1,1.06024898722943,2,1961,2,3,1,3,3,-1,3,1,2,2,5,2,2,1
202,0,,1,1952,1,4,1,3,4,0,,,9,,,4,2,1
203,0,,2,1957,1,6,1,4,5,1,4,2,2,3,3,3,1,2
204,1,0.876215617927974,2,1981,1,5,1,2,7,1,2,99,1,4,1,1,1,2
205,1,0.884909359897196,2,1963,1,5,1,2,7,1,2,99,1,4,3,4,2,2
206,1,0.693396470269926,2,1951,2,3,1,1,1,-1,1,99,2,1,4,5,2,1
207,1,0.683298351284561,2,1950,2,5,1,1,2,-1,1,99,2,1,4,4,2,1
208,0,,1,1962,1,5,1,2,7,1,,,1,,,2,1,2
209,1,0.637038246683366,2,1960,2,5,2,1,1,-1,1,99,1,2,5,6,2,1
210,1,0.683298351284561,2,1940,2,5,1,1,1,-1,1,99,1,2,5,5,2,1
211,0,,2,1948,1,5,1,2,6,1,2,99,1,3,4,3,1,2
212,0,,2,1956,1,6,1,3,3,-1,3,1,2,2,3,2,1,1
213,0,,2,1962,1,4,1,2,7,1,2,99,2,4,4,1,2,2
214,1,2.44939546729173,2,1943,2,6,2,1,1,-1,4,1,2,1,1,2,1,1
215,0,,2,1945,1,4,1,2,6,1,2,99,1,4,4,3,1,2
216,1,0.947045175826396,2,1965,2,6,1,1,1,-1,1,99,1,1,5,4,2,1
217,1,0.754492752788905,2,1968,1,6,1,1,2,-1,3,3,1,2,2,3,2,1
218,0,,2,1950,1,3,1,2,7,1,2,99,2,3,3,4,2,2
219,1,0.96139829391745,2,1972,1,4,1,2,7,1,2,99,1,3,1,2,1,2
220,1,0.780195877560528,2,1987,1,5,1,1,1,-1,1,99,1,2,3,2,1,1
221,0,,1,1975,2,3,1,1,1,-1,,,2,,,3,1,1
222,1,0.875266404181805,2,1950,2,2,1,3,5,1,3,2,2,4,5,2,1,2
223,0,,1,1946,1,4,1,1,2,-1,,,1,,,3,2,1
224,1,0.856043843845039,2,1968,1,3,1,3,3,-1,3,3,2,4,1,2,2,1
225,0,,2,1948,1,3,6,3,4,0,3,3,9,3,3,4,1,2
226,1,0.660545800079456,2,1975,1,6,1,2,7,1,2,99,2,3,3,4,1,2
227,0,,2,1954,2,2,1,1,1,-1,1,99,1,1,3,3,1,1
228,1,1.02680596693948,2,1950,2,6,1,3,4,0,3,3,9,3,5,3,2,2
229,0,,2,1959,2,5,1,3,4,0,3,3,9,4,4,3,1,1
230,1,1.1907352348586,2,1955,2,3,1,2,7,1,2,99,2,3,5,3,2,2
231,1,0.739480270844107,1,1988,2,3,1,2,7,1,,,1,,,6,1,2
232,1,1.1907352348586,2,1969,2,4,1,2,7,1,2,99,2,3,5,2,1,2
233,1,1.02363355994942,2,1948,2,3,1,3,5,1,3,2,2,4,5,6,1,2
234,1,0.863324914404122,2,1939,1,6,1,3,5,1,3,2,2,4,4,4,2,2
235,1,0.947045175826396,2,1958,2,6,1,1,1,-1,1,99,1,1,5,3,2,1
236,1,0.787936919270103,2,1962,1,5,1,1,1,-1,1,99,1,1,5,3,1,1
237,1,0.683298351284561,2,1938,2,5,1,1,1,-1,1,99,2,2,5,3,2,1
238,0,,2,1958,2,5,1,1,2,-1,1,99,2,1,3,3,2,1
239,1,0.947045175826396,2,1957,2,6,1,1,2,-1,1,99,2,2,3,1,1,1
240,1,1.06024898722943,2,1971,2,3,1,2,7,1,2,99,2,3,5,4,2,2
241,1,1.28573721907238,2,1961,1,2,1,2,7,1,2,99,2,4,3,4,2,2
242,1,0.856043843845039,2,1972,1,4,1,1,1,-1,1,99,2,1,5,4,2,1
243,1,1.15317633775143,2,1943,2,6,1,2,7,1,2,99,2,3,1,6,1,2
244,1,0.58816015101465,2,1987,1,6,1,1,1,-1,1,99,1,1,2,2,2,1
245,0,,2,1942,1,5,1,2,7,1,2,99,2,4,5,4,1,2
246,1,0.884909359897196,2,1970,1,5,1,2,7,1,2,99,1,4,4,2,1,2
247,0,,2,1957,1,3,1,4,3,-1,4,1,2,1,2,1,1,1
248,1,0.63404439787645,2,1989,2,4,1,3,5,1,3,2,2,3,3,1,2,2
249,0,,2,1946,2,4,1,4,4,0,4,3,9,2,3,4,2,1
250,1,0.804619102754207,2,1942,1,3,1,2,7,1,2,99,2,4,5,2,1,2
251,0,,2,1946,1,3,1,2,7,1,2,99,2,3,5,2,2,2
252,0,,2,1952,1,6,1,3,3,-1,3,3,1,4,4,1,2,1
253,0,,2,1949,2,3,2,3,4,0,3,3,9,1,3,5,2,2
254,0,,1,1956,2,3,1,2,6,1,,,2,,,6,1,2
255,1,1.1907352348586,2,1971,2,4,1,4,5,1,2,99,2,3,3,1,1,2
256,1,1.06024898722943,2,1963,2,4,1,1,1,-1,1,99,2,2,5,6,1,1
257,1,1.02680596693948,2,1949,2,6,1,1,1,-1,1,99,1,2,5,2,1,1
258,1,0.96139829391745,2,1956,1,4,1,4,5,1,4,2,2,3,4,1,2,2
259,1,0.54309796641373,2,1970,2,5,3,2,6,1,2,99,2,4,4,3,1,2
260,1,0.71644523805656,2,1951,1,3,1,1,1,-1,1,99,2,1,1,1,2,1
261,1,0.573182696288446,2,1948,1,5,1,1,1,-1,1,99,2,1,3,3,2,1
262,1,0.683298351284561,2,1940,2,5,1,1,1,-1,1,99,2,1,3,3,2,1
263,1,0.0815282060614975,2,1992,2,6,6,1,1,-1,1,99,1,1,3,2,2,1
264,1,0.71644523805656,2,1949,1,3,1,1,2,-1,1,99,2,2,5,6,2,1
265,1,1.09744418390033,2,1980,2,5,1,1,1,-1,1,99,2,1,5,3,1,1
266,1,1.03310729501102,2,1971,2,5,1,1,1,-1,1,99,2,1,5,3,2,1
267,0,,2,1956,1,3,7,3,5,1,3,2,1,4,3,4,1,2
268,1,0.504095395538425,2,1943,1,6,1,2,6,1,2,99,2,4,3,3,1,2
269,1,1.02680596693948,2,1953,2,6,1,1,1,-1,1,99,1,2,5,1,1,1
270,0,,1,1942,1,4,1,2,6,1,,,2,,,3,2,2
271,1,0.570331190519844,2,1980,1,6,3,2,7,1,2,99,2,4,3,1,2,2
272,1,1.23250809366535,2,1984,2,5,1,2,6,1,2,99,2,4,4,3,2,2
273,0,,2,1950,2,4,1,1,2,-1,1,99,2,2,3,3,2,1
274,1,0.856043843845039,2,1963,1,3,1,1,1,-1,1,99,1,2,5,2,1,1
275,1,0.630825735270836,2,1958,2,2,1,1,2,-1,1,99,2,1,3,4,2,1
276,0,,1,1951,2,5,1,1,1,-1,,,2,,,3,1,1
277,1,1.03310729501102,2,1958,2,5,1,3,4,0,3,1,9,1,3,6,1,2
278,0,,2,1957,1,6,1,3,5,1,3,2,1,4,3,3,2,2
279,1,0.872358039284998,1,1982,2,3,1,2,6,1,,,1,,,3,2,2
280,1,0.876215617927974,2,1981,1,5,1,2,7,1,2,99,2,4,2,1,1,2
281,1,0.779350683025607,2,1949,2,2,1,1,2,-1,1,99,2,2,3,4,2,1
282,0,,1,1956,2,2,1,1,1,-1,,,1,,,6,2,1
283,1,1.02363355994942,2,1944,2,3,1,2,7,1,2,99,2,4,4,4,1,2
284,1,0.941797154315434,2,1940,1,2,1,2,7,1,2,99,2,3,3,4,1,2
285,1,0.660545800079456,2,1976,1,6,1,2,7,1,2,99,2,4,3,4,1,2
286,1,0.911459082975157,2,1939,2,3,1,1,2,-1,1,99,2,1,5,3,1,1
287,1,0.838488666250321,2,1950,1,3,1,2,6,1,2,99,2,3,5,3,1,2
288,1,1.05137271307328,2,1967,2,5,4,5,3,-1,3,1,2,1,3,3,2,1
289,1,0.725513229002094,2,1968,2,5,2,2,7,1,2,99,2,3,5,4,1,2
290,1,5.76984303024873,2,1953,2,1,2,1,1,-1,1,99,2,1,3,2,1,1
291,1,1.1907352348586,2,1955,2,3,1,2,7,1,2,99,1,4,3,4,2,2
292,0,,2,1936,1,3,1,2,7,1,2,99,2,3,1,5,2,2
293,1,0.884909359897196,2,1957,1,5,1,2,7,1,2,99,1,4,5,2,2,2
294,0,,2,1953,2,3,1,2,6,1,2,99,2,3,3,4,2,2
295,1,1.09782118808844,2,1987,1,3,1,1,2,-1,1,99,2,1,1,1,1,1
296,1,1.08989344303317,2,1955,1,2,1,1,2,-1,1,99,1,1,4,6,2,1
297,0,,2,1948,1,6,1,2,7,1,2,99,2,4,1,2,1,2
298,1,0.571603777263171,2,1964,2,2,1,1,1,-1,1,99,2,2,5,2,2,1
299,1,0.856043843845039,2,1960,1,3,1,3,3,-1,3,1,2,2,5,6,1,1
300,1,0.947045175826396,2,1955,2,6,1,3,3,-1,3,1,1,2,5,4,2,1
301,1,1.02363355994942,2,1937,2,3,1,2,7,1,2,99,2,3,2,4,2,2
302,1,1.16025317861764,2,1970,2,5,1,2,6,1,2,99,1,3,2,4,2,2
303,1,2.96536860667984,2,1939,2,1,1,2,6,1,3,2,1,3,5,5,1,2
304,1,2.30881311166322,2,1958,2,6,2,2,7,1,2,99,1,3,5,3,1,2
305,1,1.02363355994942,2,1946,2,3,1,2,7,1,2,99,2,4,5,5,1,2
306,1,0.683298351284561,2,1952,2,5,1,4,3,-1,3,3,2,2,5,6,2,1
307,1,1.46188015215029,2,1982,1,2,1,4,4,0,3,1,9,2,5,3,1,1
308,1,0.875266404181805,2,1947,2,2,1,2,6,1,2,99,2,4,3,5,1,2
309,0,,1,1954,2,5,1,3,5,1,,,2,,,4,1,2
310,1,1.23250809366535,2,1975,2,5,1,4,5,1,3,2,1,3,3,4,2,2
311,0,,2,1949,1,6,1,3,5,1,3,2,2,3,5,2,2,2
312,1,0.787936919270103,2,1956,1,5,1,3,3,-1,3,1,1,1,4,4,2,1
313,1,0.71644523805656,2,1952,1,4,1,1,1,-1,1,99,2,1,4,3,1,1
314,1,0.674315691765521,2,1971,2,2,1,3,5,1,3,2,2,4,5,5,2,2
315,1,0.935140193173035,2,1960,1,6,1,2,7,1,2,99,2,3,3,2,2,2
316,1,0.947045175826396,2,1965,2,6,1,1,2,-1,1,99,2,1,5,3,2,1
317,1,0.911459082975157,2,1945,2,4,1,1,1,-1,1,99,2,1,3,4,1,1
318,1,0.804619102754207,2,1950,1,4,1,2,7,1,2,99,1,3,2,2,1,2
319,1,0.804619102754207,2,1947,1,4,1,3,5,1,3,2,2,3,3,2,1,2
320,1,1.06359928039745,2,1962,2,6,1,2,7,1,4,2,2,3,5,1,2,2
321,1,1.06024898722943,2,1963,2,3,1,1,1,-1,1,99,2,1,3,3,1,1
322,1,0.856043843845039,2,1967,1,4,1,1,2,-1,1,99,2,2,5,2,2,1
323,1,0.804619102754207,2,1946,1,3,1,2,7,1,2,99,1,4,3,2,1,2
324,0,,1,1954,1,3,1,3,3,-1,,,2,,,6,2,1
325,1,1.06024898722943,2,1959,2,3,1,1,1,-1,1,99,1,1,2,2,1,1
326,1,1.06024898722943,2,1972,2,3,1,3,3,-1,3,1,1,2,4,2,2,1
327,1,0.352120616353829,2,1958,1,6,1,4,4,0,4,3,9,3,5,6,2,2
328,1,1.21465360789723,2,1962,1,4,5,2,7,1,2,99,1,4,3,4,2,2
329,1,0.813256352585623,2,1983,2,5,2,5,4,0,3,3,9,3,5,1,1,2
330,0,,1,1965,2,3,3,3,3,-1,,,1,,,3,1,1
331,1,1.1907352348586,2,1967,2,3,1,2,7,1,2,99,1,4,3,5,1,2
332,1,0.947045175826396,2,1961,2,6,1,1,1,-1,1,99,2,2,5,4,2,1
333,0,,2,1960,2,5,1,4,3,-1,4,1,2,2,5,6,2,1
334,1,0.935140193173035,2,1954,1,6,1,3,4,0,3,3,9,1,5,1,2,1
335,1,1.06024898722943,2,1959,2,4,1,1,1,-1,1,99,1,1,3,1,1,1
336,1,0.630825735270836,2,1960,2,2,1,1,1,-1,1,99,1,1,5,3,1,1
337,1,1.14484021674773,2,1954,1,2,1,1,1,-1,1,99,1,2,3,1,1,1
338,0,,2,1950,2,4,1,1,1,-1,1,99,2,2,2,3,2,1
339,0,,2,1955,2,5,1,1,1,-1,1,99,2,2,4,4,1,1
340,1,1.68099512840682,2,1974,1,4,2,3,3,-1,3,2,1,4,2,3,2,1
341,1,1.24085793578138,2,1956,2,3,1,3,4,0,3,3,9,3,2,4,1,1
342,1,0.9806084674187,2,1984,2,5,1,3,4,0,3,3,9,1,4,3,2,2
343,1,0.804619102754207,2,1942,1,3,1,2,7,1,2,99,2,4,3,2,2,2
344,1,0.71644523805656,2,1953,1,3,1,1,1,-1,1,99,2,2,4,3,2,1
345,0,,1,1957,2,2,1,2,7,1,,,1,,,6,1,2
346,1,0.856043843845039,2,1960,1,4,1,1,2,-1,1,99,2,2,4,2,1,1
347,1,1.15317633775143,2,1948,2,6,1,2,7,1,2,99,2,4,5,2,1,2
348,0,,2,1954,1,5,1,3,5,1,3,2,2,3,4,3,1,2
349,0,,2,1958,1,3,7,1,2,-1,1,99,2,2,3,3,1,1
350,1,0.534213162570075,2,1975,2,2,1,2,7,1,2,99,1,4,2,2,1,2
351,0,,2,1954,2,6,1,1,1,-1,1,99,2,2,5,2,1,1
352,0,,2,1955,1,3,1,3,5,1,3,2,2,4,4,3,2,2
353,1,0.7673927847094,2,1953,2,5,1,3,5,1,3,2,1,3,5,3,2,2
354,1,1.23250809366535,1,1977,2,5,1,2,7,1,,,2,,,3,2,2
355,1,0.673810668843547,2,1942,2,5,1,1,2,-1,1,99,2,2,5,4,2,1
356,1,0.721661619298244,2,1952,1,6,1,5,8,,2,99,9,3,4,2,2,2
357,1,1.25833000411373,2,1970,2,3,1,1,1,-1,1,99,2,2,5,2,2,1
358,1,0.980015528059894,2,1990,1,5,1,3,3,-1,3,1,1,2,5,3,2,1
359,1,0.589366552341725,2,1960,2,3,1,3,3,-1,3,3,1,4,3,2,1,1
360,1,0.469246603340572,2,1961,1,4,1,3,5,1,4,2,1,3,5,2,1,2
361,1,0.643725050155805,2,1941,1,5,1,2,7,1,2,99,2,4,5,3,1,2
362,1,0.58816015101465,2,1974,1,6,1,1,1,-1,1,99,2,2,5,1,1,1
363,1,0.847889742745043,2,1982,2,4,6,3,3,-1,3,1,2,1,2,1,1,1
364,1,0.696379724887097,2,1951,2,2,1,1,1,-1,1,99,2,1,1,3,2,1
365,1,0.564538976739225,1,1982,2,2,1,1,2,-1,,,2,,,3,1,1
366,1,1.02363355994942,2,1947,2,3,1,2,6,1,2,99,1,3,3,4,2,2
367,1,0.876111865438382,2,1998,2,3,1,3,3,-1,1,99,2,1,1,6,2,1
368,1,0.722852090304925,2,1994,2,2,3,3,4,0,3,3,9,3,3,2,2,1
369,1,0.875266404181805,2,1945,2,2,1,2,7,1,2,99,1,3,5,4,1,2
370,1,1.1907352348586,2,1970,2,4,1,3,5,1,3,2,1,3,4,2,2,2
371,1,0.96139829391745,2,1970,1,4,1,2,6,1,2,99,2,4,1,3,2,2
372,0,,2,1956,2,3,1,2,6,1,2,99,2,3,2,4,1,2
373,1,0.345791673760629,2,1960,2,2,1,4,4,0,4,3,9,3,3,6,2,2
374,1,0.695270273315209,2,1962,2,4,1,2,6,1,3,3,2,4,3,6,2,2
375,1,0.630825735270836,2,1968,2,2,1,1,1,-1,1,99,2,2,4,3,1,1
376,1,0.779350683025607,2,1949,2,2,1,1,1,-1,1,99,2,2,3,6,1,1
377,1,0.708462294319573,2,1961,2,2,1,3,5,1,2,99,2,3,5,5,1,2
378,1,0.646008150050562,2,1960,2,5,2,1,1,-1,1,99,8,1,4,2,2,1
379,1,0.776761030140514,1,1975,2,3,1,1,1,-1,,,2,,,3,1,1
380,1,0.223061603888845,2,1989,2,6,1,3,3,-1,3,1,2,2,3,3,2,1
381,1,0.830311957946391,2,1985,2,4,1,2,7,1,2,99,2,3,3,3,2,2
382,0,,1,1985,1,5,1,5,4,0,,,9,,,2,2,1
383,0,,1,1964,2,2,1,2,7,1,,,2,,,6,1,2
384,1,1.21874712521822,2,1957,2,5,1,1,1,-1,1,99,1,1,1,1,2,1
385,1,0.470685882123506,2,2000,2,3,3,1,2,-1,1,99,2,2,5,4,1,1
386,0,,1,1957,2,3,1,1,2,-1,,,2,,,5,1,1
387,1,0.856043843845039,2,1960,1,4,1,1,1,-1,1,99,2,1,3,3,2,1
388,0,,2,1953,1,6,2,1,2,-1,1,99,2,2,5,1,2,1
389,1,0.980015528059894,2,1991,1,5,1,1,1,-1,1,99,2,2,5,2,1,1
390,1,0.957608854729008,2,1974,2,6,1,1,1,-1,1,99,1,1,3,3,1,1
391,1,0.672588865355151,2,1946,1,3,1,3,5,1,3,2,2,3,3,2,1,2
392,0,,2,1941,2,3,1,2,7,1,2,99,1,4,2,5,2,2
393,1,0.96139829391745,2,1954,1,3,1,2,6,1,2,99,2,3,1,3,1,2
394,1,0.750479610438314,2,1971,2,6,3,1,2,-1,1,99,2,2,3,5,2,1
395,0,,1,1962,2,5,1,3,3,-1,,,2,,,5,2,1
396,1,0.935140193173035,2,1954,1,6,1,3,5,1,3,2,8,4,3,3,1,2
397,1,1.16025317861764,2,1963,2,5,1,3,5,1,3,2,2,4,3,1,2,2
398,1,0.574279147628157,2,1954,2,5,1,3,3,-1,3,1,1,1,3,3,2,1
399,1,0.947045175826396,2,1964,2,6,1,1,1,-1,1,99,1,1,3,2,1,1
400,0,,1,1974,2,6,1,2,7,1,,,2,,,2,2,2
401,1,0.71644523805656,2,1952,1,3,1,1,1,-1,1,99,2,1,1,2,1,1
402,1,0.76871779666082,2,1945,1,6,1,1,1,-1,1,99,2,2,5,4,2,1
403,0,,1,1977,2,5,7,1,1,-1,,,2,,,1,2,1
404,0,,1,1958,1,5,1,1,1,-1,,,2,,,3,1,1
405,1,1.03310729501102,2,1966,2,5,1,1,2,-1,1,99,2,1,3,3,1,1
406,1,1.99513553794901,2,1967,1,6,4,3,3,-1,3,1,2,1,2,4,2,1
407,1,0.957608854729008,2,1986,2,6,1,1,1,-1,1,99,1,2,4,3,2,1
408,1,0.58816015101465,2,1981,1,6,1,1,1,-1,1,99,2,1,5,1,1,1
409,1,0.750289656022654,2,1984,2,3,2,3,3,-1,3,3,1,4,5,3,1,1
410,1,1.02363355994942,2,1953,2,4,1,2,6,1,2,99,2,3,5,4,2,2
411,1,0.935140193173035,2,1973,1,6,1,3,4,0,3,2,9,3,5,3,1,2
412,1,0.433691859221341,2,1975,1,5,1,4,3,-1,4,1,2,1,2,3,1,1
413,1,0.251484831159606,2,1977,2,5,3,1,2,-1,1,99,2,2,3,2,2,1
414,1,0.31831068445233,2,1961,2,4,1,3,4,0,3,3,9,3,4,6,2,2
415,1,0.550253495558826,1,1978,2,2,3,1,1,-1,,,2,,,1,2,1
416,1,0.781147115023422,2,1953,2,6,1,1,1,-1,1,99,1,1,4,6,2,1
417,1,0.856043843845039,2,1964,1,3,1,1,1,-1,1,99,2,2,5,1,1,1
418,1,0.719908669272143,2,1983,1,4,1,3,5,1,2,99,2,3,2,3,2,2
419,0,,1,1955,1,5,1,2,7,1,,,1,,,5,1,2
420,0,,1,1968,2,4,1,4,5,1,,,1,,,2,1,2
421,1,0.947045175826396,2,1971,2,6,1,1,1,-1,1,99,2,2,5,5,2,1
422,1,0.630825735270836,2,1958,2,2,1,1,1,-1,1,99,1,2,5,5,2,1
423,1,0.7582208743294,2,1963,2,4,2,3,8,,3,1,9,1,3,3,1,2
424,1,0.863324914404122,2,1949,1,6,1,3,4,0,3,3,9,2,3,3,1,1
425,1,1.18712517999306,2,1972,2,2,2,5,8,,3,3,9,1,3,3,2,1
426,1,0.96139829391745,2,1967,1,3,1,3,4,0,3,2,9,3,5,3,1,1
427,1,1.93589699789828,1,1993,1,2,1,3,4,0,,,9,,,4,1,1
428,1,0.449569472519406,2,1994,2,5,3,1,1,-1,1,99,1,2,2,2,1,1
429,1,0.750119771539677,2,1971,1,5,1,1,1,-1,1,99,2,2,3,4,2,1
430,1,0.941797154315434,2,1950,1,2,1,2,7,1,2,99,2,4,3,1,1,2
431,1,2.83488584418107,2,1999,2,3,4,1,2,-1,1,99,2,1,1,3,2,1
432,1,0.909078999428465,2,1984,2,4,1,3,4,0,3,3,9,4,4,3,2,2
433,1,0.446553932961437,2,1987,2,2,1,3,4,0,3,2,9,4,4,4,2,2
434,1,0.609937752714817,2,1973,2,5,3,3,5,1,3,2,2,4,4,2,2,2
435,0,,1,1995,2,5,1,1,2,-1,,,2,,,3,2,1
436,0,,1,1985,2,6,4,1,2,-1,,,1,,,4,1,1
437,1,1.15444368775962,2,1973,1,6,4,5,3,-1,1,99,1,2,3,3,2,1
438,1,0.525058542607737,2,1991,2,5,1,5,8,,3,8,9,4,3,3,1,1
439,1,0.856043843845039,2,1966,1,3,1,1,1,-1,1,99,2,2,4,2,1,1
440,1,3.12859889699618,1,1991,2,4,4,1,1,-1,,,1,,,3,1,1
441,1,0.814957894304309,2,1960,1,3,1,1,2,-1,1,99,2,1,3,5,2,1
442,0,,1,1957,2,6,1,1,1,-1,,,8,,,6,2,1
443,0,,1,1966,1,2,1,2,6,1,,,1,,,6,2,2
444,1,0.941797154315434,2,1945,1,2,1,2,6,1,2,99,2,3,1,4,1,2
445,0,,2,1955,1,4,1,2,6,1,2,99,2,4,5,4,2,2
446,1,0.475853893733674,2,1959,1,3,1,3,4,0,3,3,9,3,1,4,1,1
447,1,0.732437082653587,2,1984,1,5,1,2,7,1,2,99,2,4,3,3,2,2
448,0,,1,1977,1,4,1,4,5,1,,,2,,,1,2,2
449,1,0.660545800079456,2,1976,1,6,1,3,4,0,2,99,9,4,5,3,1,2
450,1,0.96139829391745,2,1962,1,4,1,2,7,1,2,99,2,4,4,3,1,2
451,1,0.76871779666082,2,1949,1,6,1,1,2,-1,1,99,1,2,4,3,2,1
452,1,0.506657873578687,2,1953,2,3,1,3,4,0,3,3,9,2,5,3,1,1
453,0,,2,1986,2,5,1,5,8,,3,8,9,2,3,3,2,2
454,1,1.97374409783501,2,1987,1,4,6,1,1,-1,1,99,2,2,4,2,1,1
455,1,0.787936919270103,2,1963,1,5,1,1,1,-1,1,99,2,1,2,2,2,1
456,0,,1,1971,2,2,1,2,7,1,,,2,,,5,1,2
457,1,0.643725050155805,2,1934,1,5,1,2,7,1,2,99,1,4,5,5,2,2
458,1,0.556700282958086,2,1977,2,2,1,5,8,,3,3,9,4,3,3,1,2
459,1,2.95978778482433,2,1957,2,4,3,2,7,1,2,99,1,3,2,2,1,2
460,1,1.03310729501102,2,1963,2,5,1,1,1,-1,1,99,2,1,4,3,1,1
461,0,,2,1956,2,3,1,1,1,-1,1,99,2,1,5,3,2,1
462,0,,1,1982,2,5,1,2,7,1,,,2,,,4,2,2
463,0,,1,1950,1,3,3,2,7,1,,,2,,,5,1,2
464,1,0.96688288929941,2,1997,2,3,1,1,1,-1,1,99,1,2,5,3,2,1
465,1,0.856043843845039,2,1959,1,3,1,1,1,-1,1,99,2,2,3,1,1,1
466,1,0.994757668853628,2,1979,1,3,1,3,3,-1,4,1,1,2,4,3,2,1
467,1,0.96139829391745,2,1954,1,3,1,2,6,1,2,99,2,3,3,2,1,2
468,1,0.703838657864085,2,1986,2,3,1,3,3,-1,3,1,1,2,3,2,1,1
469,1,0.592587898979267,2,1989,2,2,1,5,4,0,4,3,9,3,4,6,2,1
470,1,0.513932501339069,2,1986,2,5,6,1,1,-1,1,99,2,1,1,3,2,1
471,1,0.58761724269918,2,1990,2,5,1,3,3,-1,3,1,1,2,3,5,2,1
472,1,0.708462294319573,2,1954,2,2,1,2,6,1,2,99,2,3,5,6,1,2
473,1,1.02363355994942,2,1938,2,3,1,2,7,1,2,99,1,4,5,6,1,2
474,1,0.924952874268052,2,1950,2,2,1,1,2,-1,1,99,2,2,5,5,1,1
475,1,0.619150260926282,2,1940,2,5,1,3,4,0,3,3,9,1,5,4,2,2
476,1,2.55665403608482,2,1975,1,2,2,1,1,-1,1,99,2,2,1,6,2,1
477,1,1.57127343677074,1,1998,1,3,8,3,5,1,,,1,,,1,2,2
478,1,0.7582208743294,2,1956,2,3,2,1,1,-1,1,99,2,2,5,5,1,1
479,1,0.643725050155805,2,1945,1,5,1,2,7,1,2,99,2,4,5,2,1,2
480,1,0.630825735270836,2,1959,2,2,1,1,1,-1,1,99,1,1,4,1,1,1
481,0,,2,1956,2,5,4,2,6,1,3,2,2,3,4,4,1,2
482,0,,1,1987,2,5,1,1,1,-1,,,2,,,6,2,1
483,0,,1,1972,1,3,3,2,7,1,,,1,,,2,2,2
484,0,,1,1951,2,2,1,2,6,1,,,2,,,6,2,2
485,0,,1,1950,2,6,7,1,1,-1,,,1,,,2,1,1
486,1,1.14484021674773,2,1958,1,2,1,1,2,-1,1,99,2,2,5,3,2,1
487,1,0.875266404181805,2,1936,2,2,1,2,6,1,2,99,2,3,3,4,2,2
488,0,,2,1953,2,3,1,1,1,-1,1,99,2,1,5,3,1,1
489,1,0.506134474053588,2,1988,2,3,5,1,1,-1,1,99,2,2,5,3,1,1
490,1,0.750119771539677,2,1973,1,5,1,3,5,1,3,1,1,1,4,3,2,2
491,1,1.14484021674773,2,1958,1,2,1,1,1,-1,1,99,2,1,3,3,2,1
492,1,0.760361431744454,2,1981,2,6,4,1,2,-1,1,99,2,1,3,4,2,1
493,1,0.7673927847094,2,1951,2,5,1,2,7,1,2,99,2,4,1,1,1,2
494,1,0.561360439339095,2,1970,1,4,1,2,7,1,2,99,2,4,1,3,1,2
495,1,3.59142418916515,2,1963,1,5,4,2,6,1,2,99,2,3,4,2,1,2
496,1,1.1907352348586,2,1959,2,4,1,3,5,1,3,2,2,4,5,4,2,2
497,0,,2,1970,1,5,8,3,4,0,3,3,9,3,5,6,1,1
498,0,,1,1992,1,5,1,2,7,1,,,2,,,4,2,2
499,1,0.935140193173035,2,1958,1,6,1,2,7,1,2,99,2,4,3,1,2,2
500,0,,2,1958,1,5,2,1,1,-1,1,99,1,2,5,2,2,1
501,1,0.646008150050562,2,1966,2,5,2,1,1,-1,1,99,2,1,4,2,1,1
502,0,,1,1965,1,2,1,1,1,-1,,,1,,,3,1,1
503,1,0.732954897683743,1,1999,2,1,1,1,2,-1,,,2,,,5,2,1
504,0,,1,1959,1,5,1,2,7,1,,,2,,,4,2,2
505,1,0.592210462133248,2,1962,2,2,1,3,4,0,3,3,9,1,5,3,2,1
506,1,1.16025317861764,2,1967,2,5,1,3,5,1,3,2,1,3,3,2,1,2
507,0,,2,1986,1,5,1,2,6,1,2,99,2,4,3,2,1,2
508,1,1.98305441278467,2,1976,1,4,2,2,7,1,2,99,2,3,1,6,2,2
509,0,,1,1987,1,3,8,1,1,-1,,,2,,,1,2,1
510,1,1.53558056610495,1,1985,1,2,1,3,3,-1,,,1,,,1,1,1
511,0,,1,1951,2,2,1,2,7,1,,,2,,,3,1,2
512,1,0.683298351284561,2,1945,2,5,1,1,1,-1,1,99,1,1,1,3,2,1
513,1,0.863324914404122,2,1945,1,6,1,2,7,1,2,99,2,3,1,2,1,2
514,1,0.630825735270836,2,1958,2,2,1,1,1,-1,1,99,1,2,5,3,1,1
515,0,,1,1992,2,6,2,1,2,-1,,,1,,,3,2,1
516,0,,1,1962,2,2,1,2,7,1,,,1,,,2,1,2
517,1,0.803642102762561,2,1956,1,3,1,2,7,1,2,99,1,3,3,3,2,2
518,1,1.16025317861764,1,1973,2,5,1,2,7,1,,,2,,,3,2,2
519,1,1.14339021338997,2,1961,1,5,6,3,3,-1,3,1,1,1,4,4,1,1
520,0,,1,1976,1,6,1,1,2,-1,,,2,,,3,2,1
521,1,0.911459082975157,2,1947,2,4,1,3,3,-1,3,1,1,1,3,3,2,1
522,0,,1,1960,2,4,1,5,4,0,,,9,,,6,1,1
523,1,1.07546304525889,2,1978,2,6,1,4,4,0,4,3,9,2,5,3,1,2
524,1,0.957608854729008,2,1974,2,6,1,1,1,-1,1,99,2,1,4,2,1,1
525,0,,1,1952,2,2,2,5,8,,,,9,,,4,2,1
526,1,1.6437712913732,2,1996,1,3,1,1,1,-1,1,99,1,1,4,3,2,1
527,1,0.446553932961437,2,1979,2,2,1,3,4,0,3,3,9,2,3,4,1,1
528,0,,2,1958,2,3,1,2,6,1,2,99,2,3,4,4,1,2
529,1,0.941797154315434,2,1944,1,2,1,4,5,1,4,2,2,3,5,3,1,2
530,1,0.286626852487157,2,1965,2,5,7,3,4,0,3,2,9,3,3,4,2,2
531,1,0.58816015101465,2,1982,1,6,1,1,1,-1,1,99,1,1,3,3,2,1
532,1,1.34492078006929,2,1951,2,2,5,2,7,1,2,99,2,4,5,4,1,2
533,1,1.08174242601888,2,1953,2,4,1,3,3,-1,3,1,2,2,5,6,2,1
534,0,,1,1955,1,6,1,4,4,0,,,9,,,3,2,1
535,0,,1,1995,2,3,3,5,8,,,,9,,,4,1,2
536,1,1.33985892489769,2,1957,1,2,1,1,2,-1,1,99,1,1,3,4,2,1
537,1,1.17310343041582,2,1974,2,5,1,3,5,1,3,2,2,4,4,3,1,2
538,1,1.09782118808844,2,1978,1,3,1,1,1,-1,1,99,2,2,2,4,2,1
539,1,0.326642093128664,2,1989,2,5,1,3,4,0,3,3,9,4,4,4,2,2
540,1,1.1907352348586,2,1964,2,3,1,2,7,1,2,99,2,3,4,6,2,2
541,0,,1,1972,1,2,1,2,6,1,,,2,,,3,1,2
542,1,1.03310729501102,2,1972,2,5,1,1,1,-1,1,99,2,1,3,6,2,1
543,1,0.838590687338716,2,1943,1,2,1,3,3,-1,1,99,2,1,3,1,1,1
544,1,0.875266404181805,2,1942,2,2,1,2,7,1,2,99,2,4,5,4,1,2
545,0,,1,1950,1,3,4,1,2,-1,,,2,,,3,2,1
546,1,0.532451700575617,2,1990,2,5,1,1,2,-1,1,99,2,1,3,3,1,1
547,1,0.779350683025607,2,1950,2,2,1,1,1,-1,1,99,2,1,2,4,2,1
548,1,1.12968231317352,2,1977,2,6,1,3,5,1,3,2,2,3,5,3,2,2
549,1,0.780195877560528,2,1979,1,5,1,3,3,-1,3,1,1,2,3,3,1,1
550,1,0.680961485171877,2,1992,1,6,1,1,1,-1,1,99,2,2,3,2,1,1
551,0,,2,1959,1,3,1,3,3,-1,3,1,1,1,1,5,2,1
552,1,0.621035592742504,2,1955,2,6,1,2,6,1,2,99,2,3,3,3,1,2
553,1,0.31831068445233,2,1965,2,3,5,2,6,1,2,99,2,4,3,3,2,2
554,1,1.23250809366535,2,1988,2,5,1,2,7,1,2,99,2,4,5,3,1,2
555,1,3.07227205769279,2,1942,2,1,1,2,7,1,2,99,2,4,1,6,1,2
556,1,7.00113526996817,2,1948,1,1,1,4,5,1,2,99,2,3,2,3,1,2
557,1,0.780195877560528,2,1975,1,5,1,3,3,-1,3,1,1,2,4,4,2,1
558,1,0.643986860520209,2,1984,2,2,3,3,4,0,3,1,9,1,2,5,1,2
559,1,0.592210462133248,2,1961,2,2,1,2,6,1,2,99,2,4,5,6,2,2
560,1,0.884909359897196,2,1969,1,5,1,2,7,1,2,99,2,4,1,2,2,2
561,1,1.23293149625839,2,1982,1,3,1,2,6,1,2,99,2,4,3,3,1,2
562,1,0.703838657864085,2,1980,2,3,1,3,3,-1,3,1,1,2,5,3,1,1
563,1,0.706185193980409,2,1946,2,2,1,1,1,-1,1,99,1,2,5,4,1,1
564,1,1.2237670081513,2,1962,1,2,1,3,4,0,3,3,9,1,3,3,1,1
565,1,0.3058724974017,2,1984,2,2,3,3,4,0,3,3,9,4,5,2,1,1
566,1,0.221971420041159,2,1969,2,2,6,1,1,-1,1,99,2,2,3,5,2,1
567,1,0.592210462133248,2,1954,2,2,1,2,7,1,2,99,2,4,5,4,1,2
568,0,,1,1968,1,5,1,2,6,1,,,2,,,2,2,2
569,0,,2,1952,2,2,7,2,7,1,2,99,2,3,1,4,1,2
570,1,0.49614786384941,2,1996,2,5,1,3,3,-1,1,99,2,1,5,3,2,1
571,1,1.00986700876579,2,1965,1,3,1,1,1,-1,2,99,2,4,5,5,1,1
572,1,0.469636018966188,2,1994,2,6,1,5,8,,4,3,9,3,3,4,2,2
573,0,,2,1953,1,3,1,4,5,1,4,2,2,3,5,2,2,2
574,1,0.708462294319573,2,1973,2,2,1,2,6,1,2,99,2,4,5,5,1,2
575,1,1.97374409783501,2,1983,1,3,6,1,1,-1,1,99,1,1,1,2,2,1
576,1,0.947045175826396,2,1961,2,6,1,3,3,-1,3,1,2,2,5,3,1,1
577,1,0.739480270844107,2,1976,2,3,1,1,1,-1,1,99,2,1,3,1,1,1
578,1,0.016140140062908,2,1990,2,2,4,5,8,,1,99,9,2,3,2,2,1
579,1,0.425030840215298,1,1986,2,2,1,2,7,1,,,1,,,2,2,2
580,1,0.920477203554251,1,1994,2,4,1,1,1,-1,,,2,,,2,1,1
581,0,,1,1978,2,3,7,5,3,-1,,,2,,,4,2,1
582,0,,1,1955,2,4,1,4,5,1,,,2,,,4,1,2
583,1,0.677499430448068,2,1964,2,3,2,3,3,-1,3,1,2,1,3,5,2,1
584,1,1.06024898722943,2,1961,2,3,1,1,1,-1,1,99,1,2,5,3,2,1
585,1,0.28243540253381,2,1979,2,5,3,1,5,1,2,99,1,3,3,1,1,2
586,0,,2,1953,2,6,1,1,2,-1,1,99,2,1,3,6,2,1
587,1,0.514592038361182,2,1987,2,6,6,1,2,-1,1,99,1,2,5,2,1,1
588,0,,1,1976,1,2,1,4,4,0,,,9,,,2,1,2
589,1,0.573182696288446,2,1947,1,5,1,1,1,-1,1,99,1,2,3,2,1,1
590,1,0.541657318202852,2,1961,1,5,7,4,4,0,4,3,9,4,5,4,2,2
591,0,,2,1955,2,5,1,1,1,-1,1,99,2,1,2,3,2,1
592,1,0.251484831159606,2,1984,2,5,3,1,1,-1,1,99,2,2,3,4,2,1
593,1,1.03310729501102,2,1961,2,5,1,1,1,-1,1,99,1,2,3,3,1,1
594,1,0.872358039284998,1,1979,2,3,1,2,7,1,,,2,,,3,1,2
595,1,1.09782118808844,2,1988,1,3,1,4,3,-1,1,99,1,2,1,1,2,1
596,0,,2,1955,2,6,1,3,3,-1,3,1,2,2,5,3,1,1
597,1,0.58816015101465,2,1984,1,6,1,3,3,-1,3,1,1,2,5,3,2,1
598,0,,2,1960,1,3,6,1,2,-1,1,99,2,2,3,3,1,1
599,0,,2,1948,2,3,2,1,1,-1,1,99,2,2,3,3,2,1
600,1,0.273775388854645,2,1988,2,6,6,1,1,-1,1,99,2,1,2,2,1,1
601,1,1.06024898722943,2,1960,2,3,1,1,1,-1,1,99,2,1,5,2,1,1
602,0,,2,1956,1,6,1,2,7,1,2,99,2,3,3,2,1,2
603,1,1.1907352348586,2,1958,2,3,1,2,7,1,2,99,2,4,5,3,2,2
604,0,,1,1953,2,3,1,2,7,1,,,1,,,3,2,2
605,1,0.832663226638276,2,1961,1,6,1,3,3,-1,3,1,2,1,3,3,2,1
606,0,,2,1960,1,6,1,3,4,0,3,3,9,1,3,3,1,2
607,1,1.03310729501102,2,1967,2,5,1,1,1,-1,1,99,2,2,4,1,1,1
608,1,2.24776023020234,2,1992,2,2,7,5,4,0,3,3,9,2,3,4,2,2
609,0,,2,1954,1,4,5,1,2,-1,1,99,1,2,5,3,1,1
610,1,0.941797154315434,2,1949,1,2,1,3,5,1,2,99,2,4,5,2,1,2
611,1,0.776761030140514,2,1975,2,4,1,1,1,-1,1,99,2,2,4,3,2,1
612,0,,2,1957,2,3,3,3,4,0,3,2,9,3,5,3,2,2
613,1,0.915060633181289,2,1970,1,4,1,2,7,1,2,99,2,3,2,6,1,2
614,0,,1,1957,2,2,1,2,7,1,,,1,,,4,2,2
615,1,0.780195877560528,1,1979,1,5,1,3,3,-1,,,2,,,3,1,1
616,0,,1,1985,2,3,1,2,7,1,,,1,,,2,2,2
617,0,,1,1986,2,6,1,1,1,-1,,,2,,,2,1,1
618,1,0.7582208743294,2,1970,2,4,2,1,1,-1,1,99,2,2,5,6,2,1
619,0,,2,1955,2,5,1,2,6,1,2,99,2,4,5,6,1,2
620,1,1.28573721907238,2,1956,1,2,1,3,5,1,3,2,2,4,4,3,1,2
621,0,,2,1957,2,4,1,2,6,1,2,99,2,4,5,3,2,2
622,1,0.780195877560528,2,1983,1,5,1,1,1,-1,1,99,2,1,2,3,2,1
623,0,,2,1985,1,2,1,3,5,1,2,99,1,4,4,3,1,2
624,1,0.563666987849642,2,1962,2,2,1,2,6,1,2,99,2,3,4,3,1,2
625,1,2.79936555570885,1,1978,2,1,3,5,8,,,,9,,,5,2,2
626,0,,1,1955,1,3,1,1,1,-1,,,2,,,3,1,1
627,1,5.77286080169422,2,1986,2,2,2,3,4,0,3,3,9,2,3,6,2,2
628,1,0.855665161651212,2,1942,2,3,1,2,7,1,2,99,1,3,3,4,2,2
629,1,0.7582208743294,2,1970,2,3,2,3,3,-1,3,1,2,2,5,1,1,1
630,0,,1,1949,2,3,1,2,7,1,,,1,,,3,1,2
631,1,1.06024898722943,2,1962,2,3,1,1,1,-1,1,99,2,1,3,3,2,1
632,1,0.630825735270836,2,1959,2,2,1,3,4,0,3,3,9,1,5,6,2,1
633,1,0.764768317388011,2,1989,1,6,1,2,7,1,2,99,2,4,3,3,1,2
634,1,0.418641638633837,2,1959,2,6,4,3,4,0,3,3,9,1,4,6,2,2
635,1,1.09744418390033,1,1983,2,5,1,1,1,-1,,,1,,,1,1,1
636,1,0.980015528059894,2,1989,1,5,1,1,2,-1,1,99,1,1,3,4,2,1
637,1,0.96139829391745,2,1968,1,3,1,2,7,1,2,99,2,4,5,4,2,2
638,1,0.96139829391745,2,1965,1,3,1,3,5,1,3,2,1,3,1,1,1,2
639,1,1.02363355994942,2,1949,2,4,1,2,6,1,2,99,2,3,3,3,2,2
640,0,,2,1950,2,3,1,2,7,1,2,99,2,4,5,5,2,2
641,1,0.89834365570194,2,1966,2,5,4,1,1,-1,1,99,2,1,3,1,1,1
642,1,0.876215617927974,2,1983,1,5,1,2,7,1,2,99,2,3,3,3,1,2
643,1,1.02363355994942,2,1949,2,3,1,2,7,1,2,99,2,3,5,3,1,2
644,1,1.1907352348586,2,1970,2,4,1,2,6,1,2,99,2,4,4,4,2,2
645,1,1.28573721907238,2,1956,1,2,1,2,7,1,2,99,2,3,3,2,2,2
646,1,0.944312336891241,2,1987,2,6,1,3,3,-1,3,1,2,1,1,2,1,1
647,1,1.16025317861764,2,1959,2,5,1,2,7,1,2,99,2,4,4,3,2,2
648,1,1.16025317861764,2,1958,2,5,1,2,7,1,2,99,2,3,3,3,1,2
649,1,0.532451700575617,2,1994,2,5,1,5,3,-1,1,99,2,1,3,3,1,1
650,0,,1,1974,1,5,4,2,6,1,,,2,,,4,2,2
651,1,1.09744418390033,2,1977,2,5,1,1,1,-1,1,99,2,2,2,4,2,1
652,1,1.1907352348586,2,1954,2,3,1,2,6,1,2,99,2,4,3,2,1,2
653,1,0.884909359897196,2,1957,1,5,1,2,6,1,2,99,1,4,5,2,2,2
654,0,,1,1955,2,6,1,4,8,,,,9,,,6,2,1
655,1,0.875266404181805,2,1947,2,2,1,2,7,1,2,99,2,4,5,5,1,2
656,1,0.787936919270103,2,1970,1,5,1,1,2,-1,1,99,1,1,5,2,1,1
657,1,0.884909359897196,2,1954,1,5,1,3,5,1,3,2,1,4,3,3,2,2
658,1,0.941797154315434,2,1940,1,2,1,2,7,1,2,99,1,3,3,2,1,2
659,1,0.96688288929941,2,1996,2,3,1,1,1,-1,1,99,2,2,3,3,2,1
660,0,,2,1943,2,5,4,2,7,1,2,99,2,4,4,3,2,2
661,1,1.2237670081513,2,1966,1,2,1,2,6,1,2,99,2,4,4,1,1,2
662,1,3.88660238474565,2,1945,1,2,3,5,4,0,4,3,9,4,3,6,2,1
663,1,6.43124875878101,2,1979,2,3,1,5,4,0,4,8,9,1,3,4,1,2
664,0,,1,1993,1,6,1,1,1,-1,,,1,,,3,2,1
665,1,1.49883469491702,1,1989,1,2,1,1,2,-1,,,2,,,3,2,1
666,1,0.998436168350422,1,1976,2,2,2,1,1,-1,,,1,,,3,1,1
667,0,,1,1971,2,4,1,3,3,-1,,,1,,,2,1,1
668,1,1.47802318909352,1,1992,1,2,1,2,7,1,,,2,,,6,2,2
669,1,0.947045175826396,2,1964,2,6,1,1,1,-1,1,99,1,1,3,5,2,1
670,1,0.719908669272143,2,1984,1,3,1,3,5,1,3,3,2,3,2,2,1,2
671,0,,1,1990,1,3,1,2,7,1,,,2,,,3,2,2
672,1,0.992324188587173,1,1976,2,3,1,3,4,0,,,9,,,6,1,2
673,1,0.727277826267452,2,1989,2,4,3,3,5,1,3,3,1,2,3,4,1,2
674,1,0.708462294319573,2,1970,2,2,1,2,6,1,2,99,1,4,4,3,1,2
675,1,1.16025317861764,2,1954,2,5,1,2,7,1,2,99,2,4,4,4,2,2
676,1,0.96139829391745,2,1962,1,4,1,3,5,1,3,2,1,3,3,3,1,2
677,1,1.08603057749774,1,1985,2,1,1,2,7,1,,,2,,,4,1,2
678,1,0.856043843845039,2,1955,1,4,1,1,1,-1,1,99,1,2,3,3,2,1
679,1,0.947045175826396,2,1954,2,6,1,1,2,-1,1,99,2,1,4,3,2,1
680,1,0.876215617927974,2,1981,1,5,1,3,5,1,3,2,2,4,5,4,2,2
681,1,0.941797154315434,2,1940,1,2,1,2,7,1,2,99,2,4,5,1,1,2
682,0,,2,1955,2,5,1,1,1,-1,1,99,1,1,4,2,1,1
683,1,2.31155042587623,1,1965,2,1,2,1,1,-1,,,2,,,4,1,1
684,1,1.1907352348586,2,1955,2,3,1,2,6,1,2,99,2,3,5,2,2,2
685,1,3.99309622850709,2,1948,1,6,2,1,1,-1,1,99,2,1,3,4,2,1
686,1,1.0093621819529,2,1956,2,3,1,3,4,0,3,3,9,4,4,4,2,2
687,1,0.706185193980409,2,1948,2,2,1,1,1,-1,1,99,2,1,1,5,1,1
688,1,1.16025317861764,2,1970,2,5,1,2,6,1,2,99,2,3,2,4,1,2
689,1,0.980015528059894,2,1993,1,5,1,1,1,-1,1,99,1,2,3,3,2,1
690,0,,1,1973,2,4,1,2,6,1,,,2,,,2,1,2
691,1,0.630825735270836,2,1968,2,2,1,1,1,-1,1,99,2,1,3,4,2,1
692,1,0.858136517700594,2,1957,2,6,1,1,2,-1,1,99,2,1,3,3,1,1
693,1,0.935140193173035,2,1957,1,6,1,4,5,1,4,2,1,3,5,3,2,2
694,1,0.898989928111411,2,1983,2,6,1,3,4,0,3,3,9,2,3,4,1,2
695,1,0.464776874048107,2,1988,2,3,6,4,4,0,3,3,9,4,4,5,2,1
696,1,0.372211421467734,2,1974,2,5,6,2,7,1,2,99,2,3,4,3,2,2
697,1,0.305316448340444,2,1958,2,5,8,1,1,-1,1,99,1,2,3,5,2,1
698,0,,1,1957,2,3,6,3,4,0,,,9,,,4,2,1
699,1,0.767876679560354,2,1956,2,4,1,2,7,1,2,99,2,3,3,6,1,2
700,0,,1,1988,1,6,4,3,5,1,,,2,,,2,2,2
701,0,,2,1955,1,3,1,2,6,1,3,2,2,4,4,1,1,2
702,1,0.50660973611017,1,1962,2,1,1,1,1,-1,,,2,,,1,2,1
703,1,0.534213162570075,2,1981,2,2,1,2,7,1,2,99,2,4,5,3,2,2
704,0,,1,1962,2,6,1,1,1,-1,,,2,,,3,1,1
705,0,,1,1962,1,3,1,3,5,1,,,2,,,3,2,2
706,1,3.0475180315897,2,1961,2,1,3,2,7,1,2,99,2,4,3,3,1,2
707,0,,2,1956,1,3,1,3,3,-1,3,1,1,1,1,4,1,1
708,0,,1,1961,1,5,1,2,7,1,,,1,,,4,2,2
709,1,0.708462294319573,2,1958,2,2,1,2,7,1,2,99,2,3,2,3,1,2
710,1,0.714128674087331,1,1985,2,2,6,4,4,0,,,9,,,6,1,2
711,0,,1,1948,2,5,2,5,8,,,,9,,,3,1,2
712,1,0.534213162570075,1,1980,2,2,1,3,5,1,,,1,,,4,2,2
713,1,0.898803360447817,2,1943,2,3,1,1,2,-1,3,1,2,1,2,4,2,1
714,1,1.15635347035072,2,1995,2,4,2,5,4,0,1,99,9,2,4,4,1,2
715,1,0.458800909212826,2,1990,2,2,1,1,2,-1,1,99,1,2,5,3,2,1
716,1,2.06652892528401,2,1975,1,3,2,3,4,0,3,3,9,3,4,6,2,1
717,1,0.511622276997777,2,1980,1,5,1,3,4,0,3,3,9,2,3,3,2,1
718,0,,2,1955,1,3,1,2,6,1,2,99,2,3,2,3,1,2
719,1,0.401279710688083,2,1989,2,6,1,1,1,-1,1,99,2,1,3,2,2,1
720,1,0.675242246471667,2,1996,2,4,4,5,4,0,3,8,9,4,3,3,2,2
721,1,1.33985892489769,2,1957,1,2,1,5,3,-1,1,99,2,1,3,4,2,1
722,1,1.01990907972773,2,1989,2,2,2,1,1,-1,1,99,2,1,1,1,1,1
723,0,,1,1952,2,2,1,2,7,1,,,2,,,4,1,2
724,1,0.779350683025607,2,1953,2,2,1,1,1,-1,1,99,2,1,3,3,2,1
725,1,0.385336657574926,2,1989,2,5,1,3,5,1,3,2,2,3,3,4,1,2
726,0,,1,1981,2,3,3,5,8,,,,9,,,6,2,1
727,1,1.09115835491655,2,1942,2,2,1,5,8,,4,8,9,2,3,3,2,2
728,0,,1,1989,2,6,1,2,7,1,,,1,,,1,1,2
729,1,0.58761724269918,2,1995,2,5,1,1,1,-1,1,99,2,1,3,2,1,1
730,1,1.01433712394289,2,1957,2,2,2,1,1,-1,1,99,2,1,5,5,1,1
731,1,1.92378080628024,1,1995,1,3,1,4,4,0,,,9,,,2,2,1
732,0,,1,1996,2,3,1,2,6,1,,,2,,,6,2,2
733,0,,1,1976,1,3,3,3,5,1,,,2,,,1,2,2
734,1,0.617639759204074,2,1993,2,2,4,1,1,-1,1,99,1,2,1,1,2,1
735,1,2.0108013462339,2,1957,1,4,2,1,1,-1,1,99,1,2,4,2,1,1
736,0,,1,1991,2,3,1,1,2,-1,,,2,,,2,1,1
737,1,1.28573721907238,2,1963,1,2,1,2,7,1,2,99,2,3,4,2,1,2
738,0,,1,1961,2,2,2,2,6,1,,,1,,,1,2,2
739,1,0.345791673760629,2,1965,2,2,1,2,7,1,2,99,1,4,2,4,2,2
740,1,0.401279710688083,2,1989,2,6,1,1,2,-1,1,99,1,2,5,2,1,1
741,1,0.617639759204074,2,1990,2,2,3,1,1,-1,1,99,2,1,2,2,1,1
742,1,0.50660973611017,1,1966,2,1,1,2,7,1,,,1,,,6,2,2
743,1,1.1006273375642,2,1990,1,5,1,2,7,1,2,99,2,4,3,3,2,2
744,0,,1,1958,2,3,2,1,1,-1,,,1,,,1,2,1
745,1,0.571603777263171,2,1966,2,2,1,3,4,0,1,99,9,2,2,2,1,1
746,1,0.3029686845776,2,1973,2,4,3,3,4,0,3,3,9,2,5,3,2,2
747,1,0.96139829391745,2,1954,1,3,1,2,6,1,2,99,1,3,1,5,2,2
748,1,0.433222036193822,2,1937,2,2,1,3,4,0,3,3,9,1,3,6,2,1
749,0,,1,1992,2,5,6,1,1,-1,,,2,,,3,1,1
750,1,0.738284241847196,1,1967,2,2,1,2,7,1,,,2,,,6,2,2
751,1,0.912109788773318,2,1953,2,2,1,1,2,-1,1,99,2,2,4,4,1,1
752,1,0.425787157540427,2,1978,2,4,1,3,4,0,3,1,9,2,3,4,1,2
753,1,0.455679050947504,2,1983,2,5,2,2,7,1,2,99,2,3,5,3,1,2
754,1,0.863946943414998,2,1993,2,4,1,5,8,,3,8,9,4,3,3,2,1
755,0,,1,1942,2,2,1,2,6,1,,,2,,,6,1,2
756,1,0.659936075318278,1,1990,2,5,1,2,6,1,,,2,,,2,2,2
757,1,0.475671625394385,1,1974,2,2,1,1,1,-1,,,2,,,3,2,1
758,0,,1,1949,2,2,1,5,4,0,,,9,,,6,2,2
759,1,0.452430401626972,1,1992,2,2,1,1,1,-1,,,2,,,4,1,1
760,1,0.251484831159606,2,1987,2,5,6,1,1,-1,1,99,2,1,2,3,1,1
761,1,0.838590687338716,2,1945,1,2,1,3,3,-1,1,99,2,2,3,4,2,1
762,0,,1,1971,2,4,3,2,6,1,,,2,,,5,2,2
763,1,1.02197217781519,2,1982,1,5,2,3,3,-1,3,1,2,2,3,3,1,1
764,1,3.67536382745838,2,1926,2,1,1,2,7,1,2,99,2,4,5,1,1,2
765,1,0.471321227812146,2,1985,2,4,3,1,1,-1,1,99,2,2,3,4,2,1
766,1,0.88321058353975,1,1969,2,2,1,5,8,,,,9,,,4,1,1
767,1,0.779350683025607,2,1947,2,2,1,1,1,-1,1,99,1,2,3,3,2,1
768,1,0.957608854729008,2,1980,2,6,1,1,2,-1,1,99,1,1,2,3,2,1
769,0,,1,1952,1,1,1,1,1,-1,,,1,,,2,1,1
770,1,0.779350683025607,2,1953,2,2,1,1,1,-1,1,99,2,2,5,6,1,1
771,0,,2,1961,2,5,3,1,2,-1,1,99,2,1,1,3,1,1
772,0,,1,1990,1,3,6,3,4,0,,,9,,,3,2,2
773,1,0.426861362182721,2,1958,2,1,1,1,2,-1,1,99,2,1,1,1,2,1
774,0,,1,1973,1,2,2,1,2,-1,,,2,,,2,1,1
775,1,0.260742830085943,2,1984,2,2,1,2,6,1,3,2,2,4,3,4,2,2
776,1,0.563666987849642,2,1964,2,2,1,1,2,-1,1,99,1,1,3,3,1,1
777,1,0.51945207411647,2,1992,2,3,3,1,2,-1,3,1,2,1,4,3,1,1
778,1,1.44158176474112,1,1979,1,2,1,2,6,1,,,1,,,3,2,2
779,0,,1,1979,2,1,1,2,7,1,,,2,,,1,2,2
780,1,1.72456650093418,2,1987,1,2,1,2,6,1,2,99,2,4,3,2,1,2
781,0,,1,1967,2,2,1,1,1,-1,,,2,,,3,1,1
782,0,,1,1978,2,5,1,2,7,1,,,1,,,2,2,2
783,1,1.09744418390033,2,1977,2,5,1,1,1,-1,1,99,2,2,3,2,1,1
784,0,,1,1981,1,2,3,2,7,1,,,1,,,2,2,2
785,1,0.863946943414998,1,1999,2,3,1,1,2,-1,,,1,,,3,1,1
786,0,,1,1991,1,4,1,1,2,-1,,,2,,,3,1,1
787,1,1.92378080628024,1,1993,1,3,1,5,8,,,,9,,,6,2,1
788,0,,1,1982,2,3,2,1,2,-1,,,2,,,2,1,1
789,0,,1,1993,1,3,3,1,1,-1,,,2,,,4,1,1
790,0,,1,1992,2,5,1,1,2,-1,,,2,,,5,1,1
791,0,,1,1969,2,4,3,1,2,-1,,,2,,,4,1,1
792,1,0.655475117386172,2,1977,1,5,3,1,2,-1,1,99,1,1,4,2,2,1
793,0,,1,1986,1,6,1,3,3,-1,,,1,,,3,2,1
794,1,0.833080144909934,2,1944,2,2,1,3,4,0,1,99,9,2,3,3,2,1
795,1,0.622066641617796,2,1963,2,2,1,1,1,-1,3,1,2,2,5,4,2,1
796,0,,1,1991,2,3,2,1,1,-1,,,2,,,4,2,1
797,1,1.47648282773926,2,1973,1,5,2,1,2,-1,1,99,2,1,5,4,1,1
798,1,0.88321058353975,2,1969,2,2,1,2,7,1,3,3,1,3,3,4,1,2
799,1,0.971266264417138,2,1992,1,5,2,3,3,-1,3,3,2,1,2,3,2,1
800,1,0.630825735270836,2,1968,2,2,1,1,1,-1,1,99,2,2,5,2,1,1
801,0,,1,1982,2,1,1,1,1,-1,,,2,,,5,2,1
802,1,2.31462448995615,2,1948,1,3,2,3,4,0,3,3,9,4,3,3,1,1
803,1,0.69970597571708,2,1983,2,2,1,2,6,1,2,99,2,4,5,5,2,2
804,0,,1,1978,2,3,1,2,7,1,,,2,,,4,1,2
805,1,2.93660417650947,2,1972,1,2,2,1,1,-1,1,99,2,2,3,3,1,1
806,1,1.19853541253098,2,1959,1,3,1,2,6,1,2,99,1,3,2,3,1,2
807,1,1.28573721907238,2,1967,1,2,1,2,6,1,2,99,2,4,5,1,2,2
808,1,0.798342404598234,2,1949,1,2,1,2,6,1,1,99,2,2,5,4,1,2
809,1,0.967681034645843,2,1990,2,1,1,2,6,1,2,99,2,4,4,3,2,2
810,1,0.475671625394385,2,1976,2,2,1,1,2,-1,1,99,2,2,5,3,1,1
811,1,0.534213162570075,2,1980,2,2,1,2,7,1,2,99,2,4,5,2,2,2
812,1,1.20384065697539,1,1973,2,2,2,1,2,-1,,,2,,,3,2,1
813,0,,1,1957,2,2,1,2,7,1,,,2,,,5,1,2
814,0,,1,1970,2,2,1,3,3,-1,,,1,,,3,2,1
815,0,,1,1996,2,3,1,2,6,1,,,2,,,3,1,2
816,1,2.03228302417687,2,1979,1,2,3,1,2,-1,1,99,2,1,3,5,1,1
817,1,0.600549161804789,2,1955,2,2,1,2,6,1,2,99,1,3,5,3,1,2
818,0,,1,1990,2,5,4,1,2,-1,,,1,,,3,2,1
819,1,1.6437712913732,2,1990,1,3,1,3,3,-1,3,1,1,1,3,4,2,1
820,0,,1,1942,2,2,1,3,5,1,,,1,,,2,1,2
821,1,2.93660417650947,2,1958,1,2,2,1,2,-1,1,99,2,1,4,3,1,1
822,1,1.09744418390033,2,1988,2,5,1,1,1,-1,1,99,1,1,3,3,2,1
823,0,,1,1958,2,2,1,1,2,-1,,,2,,,3,1,1
824,1,0.779350683025607,2,1942,2,2,1,1,1,-1,1,99,1,1,3,4,1,1
825,0,,1,1962,1,1,2,1,1,-1,,,2,,,1,2,1
826,1,1.08989344303317,2,1959,1,2,1,3,4,0,1,99,9,1,5,2,1,2
827,1,0.301894913274554,2,1970,2,5,2,1,1,-1,1,99,2,1,1,3,1,1
828,0,,2,1981,1,6,6,3,3,-1,1,99,2,1,5,3,1,1
829,1,0.326642093128664,2,1989,2,5,1,3,3,-1,3,1,1,2,3,2,2,1
830,1,0.747692883354065,2,1972,2,4,2,1,1,-1,1,99,2,2,5,3,2,1
831,1,2.01453888043933,1,1993,1,2,2,1,2,-1,,,2,,,3,1,1
832,1,0.588197916435603,2,1997,2,5,2,1,1,-1,1,99,2,1,3,3,1,1
833,1,0.58761724269918,1,1989,2,5,1,1,2,-1,,,2,,,2,1,1
834,1,0.876111865438382,1,1997,2,3,1,2,6,1,,,1,,,3,2,2
835,0,,1,1984,2,5,2,1,2,-1,,,2,,,3,2,1
836,0,,1,1991,2,5,3,1,1,-1,,,1,,,3,2,1
837,1,0.60093191320147,1,1990,2,2,1,3,4,0,,,9,,,1,2,2
838,0,,1,1974,2,3,2,1,1,-1,,,2,,,3,2,1
839,0,,1,1996,2,3,1,2,6,1,,,2,,,4,2,2
840,1,0.243445924473882,2,1993,2,5,4,1,2,-1,1,99,1,1,1,2,1,1
841,1,3.16529294420148,2,1960,1,2,3,3,3,-1,3,1,2,1,1,2,2,1
842,0,,1,1997,2,3,4,1,1,-1,,,1,,,3,2,1
843,1,0.556700282958086,2,1982,2,2,1,3,5,1,3,2,1,3,4,3,1,2
844,0,,1,1992,1,3,3,2,7,1,,,2,,,2,2,2
845,0,,1,1952,2,2,1,1,1,-1,,,2,,,6,2,1
846,0,,1,1962,2,4,2,1,1,-1,,,1,,,2,2,1
847,1,0.851536121933536,2,1966,2,3,2,2,7,1,2,99,2,4,5,4,1,2
848,1,0.431304040204248,2,1989,2,2,2,3,4,0,3,3,9,3,2,2,1,1
849,1,0.607938546689729,1,1993,2,3,3,5,8,,,,9,,,3,1,2
850,1,0.622066641617796,2,1962,2,2,1,1,2,-1,1,99,1,1,4,4,2,1
851,1,0.431782511317088,2,1983,2,3,1,4,4,0,4,3,9,3,3,5,2,1
852,0,,1,1997,2,3,4,1,1,-1,,,2,,,3,2,1
853,0,,2,1956,1,4,3,2,7,1,2,99,2,4,1,1,1,2
854,1,2.48862848160726,2,1990,1,5,4,1,2,-1,1,99,1,2,3,3,2,1
855,0,,1,1981,2,5,1,3,5,1,,,2,,,2,1,2
856,1,0.96688288929941,2,1990,2,4,1,5,8,,3,1,9,1,3,3,1,1
857,0,,1,1965,2,2,1,1,1,-1,,,2,,,4,2,1
858,1,0.530003825030715,2,1998,2,3,1,2,7,1,2,99,1,4,5,3,1,2
859,1,0.646008150050562,2,1955,2,5,2,1,1,-1,1,99,1,2,3,3,1,1
860,1,1.5804399165722,2,1998,1,3,2,3,4,0,3,3,9,4,3,5,2,2
861,0,,1,1988,1,6,2,1,2,-1,,,1,,,3,1,1
862,0,,1,1954,2,2,1,2,7,1,,,2,,,5,2,2
863,1,0.722852090304925,2,1991,2,2,1,5,8,,3,8,9,3,3,4,2,2
864,1,0.910510048639034,2,1940,2,3,2,1,1,-1,1,99,2,2,3,3,1,1
865,1,0.28243540253381,2,1982,2,5,3,3,5,1,3,3,2,4,3,3,2,2
866,1,0.980945335119611,2,1978,1,3,1,5,4,0,3,3,9,1,5,3,1,2
867,1,3.68527340488832,2,1989,1,2,3,3,8,,3,1,9,2,3,3,2,2
868,1,0.253254444370852,2,1971,2,3,1,3,4,0,3,3,9,4,5,6,2,1
869,1,1.14339021338997,2,1965,1,5,3,1,1,-1,1,99,2,2,5,4,1,1
870,1,0.447032378707958,2,1995,2,5,1,1,1,-1,1,99,2,2,5,4,2,1
871,1,1.13174585007501,2,1978,2,1,1,1,2,-1,1,99,1,2,3,3,1,1
872,1,0.219668382909896,1,1999,2,3,3,3,5,1,,,2,,,4,1,2
873,1,1.09744418390033,2,1978,2,5,1,1,1,-1,1,99,1,2,3,4,2,1
874,1,2.21084583054111,1,1997,1,1,2,1,2,-1,,,2,,,1,1,1
875,0,,1,1985,2,3,3,1,2,-1,,,2,,,3,2,1
876,1,0.779350683025607,2,1952,2,2,1,1,1,-1,1,99,2,2,5,2,1,1
877,0,,1,1995,2,3,1,2,6,1,,,2,,,3,2,2
878,1,0.251484831159606,2,1982,2,5,3,3,3,-1,3,1,1,2,5,3,1,1
879,1,0.932979539395873,2,1989,1,5,1,2,7,1,1,99,1,1,2,2,2,2
880,1,0.58761724269918,2,1996,2,5,1,1,1,-1,1,99,2,1,2,6,2,1
881,1,0.966407890781076,2,1989,1,5,1,1,2,-1,1,99,2,1,2,2,2,1
882,0,,1,1963,2,2,1,5,4,0,,,9,,,5,1,1
883,1,0.588197916435603,2,1989,2,5,2,1,1,-1,1,99,1,1,2,5,2,1
884,1,2.95785925169127,2,1962,1,3,2,2,7,1,2,99,1,3,4,3,1,2
885,1,1.33985892489769,2,1970,1,2,1,5,8,,3,8,9,1,3,4,1,2
886,1,0.401279710688083,2,1990,2,6,1,1,1,-1,1,99,2,2,4,5,2,1
887,1,0.251484831159606,2,1975,2,5,3,1,1,-1,1,99,1,2,3,2,1,1
888,1,0.632100232328346,2,1959,1,2,4,5,8,,3,8,9,3,3,3,2,1
889,0,,1,1981,1,5,2,3,4,0,,,9,,,6,2,1
890,1,0.994416057841401,2,1978,2,5,1,1,1,-1,1,99,2,2,3,3,1,1
891,0,,1,1988,2,6,2,1,1,-1,,,2,,,5,2,1
892,0,,1,1959,1,6,5,4,4,0,,,9,,,6,2,2
893,0,,1,1992,2,5,1,2,6,1,,,1,,,2,1,2
894,1,0.58761724269918,2,1992,2,5,1,1,2,-1,1,99,2,2,3,3,2,1
895,1,0.921237041797998,1,1995,2,1,1,2,7,1,,,2,,,3,1,2
896,0,,1,1992,2,6,1,3,3,-1,,,1,,,6,2,1
897,0,,2,1954,2,3,2,1,1,-1,1,99,1,1,3,4,1,1
898,0,,1,2000,2,3,1,3,3,-1,,,1,,,3,1,1
899,0,,1,1975,2,3,3,1,1,-1,,,2,,,4,1,1
900,1,0.96139829391745,2,1962,1,4,1,2,7,1,2,99,2,3,3,3,1,2
901,1,1.00097552773704,2,1952,2,2,2,1,1,-1,1,99,1,2,2,3,2,1
902,0,,1,1987,2,3,1,5,8,,,,9,,,4,1,2
903,1,0.571603777263171,2,1970,2,2,1,3,5,1,3,8,1,4,5,6,1,2
904,1,0.779350683025607,2,1950,2,2,1,1,2,-1,1,99,2,1,5,5,2,1
905,0,,1,1987,1,2,3,5,8,,,,9,,,6,2,2
906,1,0.839683774514123,2,1982,2,4,2,1,1,-1,1,99,1,1,1,3,1,1
907,1,0.906719966630376,1,1989,1,2,1,3,4,0,,,9,,,4,2,2
908,1,0.264938047432258,2,1990,2,5,4,5,8,,3,3,9,1,2,1,1,1
909,1,1.09782118808844,2,1980,1,3,1,4,3,-1,4,1,2,1,2,5,2,1
910,1,0.660545800079456,2,1982,1,6,1,2,7,1,2,99,2,4,5,2,1,2
911,1,3.3407975872022,1,1996,1,3,4,4,3,-1,,,2,,,3,2,1
912,1,0.525058542607737,2,1994,2,5,1,3,4,0,3,3,9,2,2,1,2,1
913,1,0.680372079582087,1,1996,2,4,1,1,1,-1,,,2,,,3,1,1
914,0,,1,1984,2,6,1,5,8,,,,9,,,3,1,1
915,1,0.58761724269918,2,1992,2,5,1,1,1,-1,1,99,2,2,4,4,2,1
916,0,,1,1995,2,3,2,1,2,-1,,,1,,,2,1,1
917,1,0.957608854729008,2,1984,2,6,1,1,1,-1,1,99,2,1,2,3,2,1
918,1,0.780195877560528,2,1986,1,5,1,1,2,-1,3,1,2,1,3,3,1,1
919,1,0.776761030140514,2,1988,2,3,1,1,1,-1,1,99,2,2,4,3,1,1
920,0,,1,1988,2,5,1,2,6,1,,,2,,,2,2,2
921,0,,2,1957,2,3,2,1,2,-1,1,99,2,2,3,3,2,1
922,0,,1,1947,2,2,1,2,6,1,,,2,,,6,1,2
923,1,0.736145308550902,2,1975,1,5,3,3,5,1,3,2,2,3,5,2,2,2
924,0,,1,1992,1,5,4,1,1,-1,,,2,,,3,1,1
925,1,0.475671625394385,2,1983,2,2,1,1,2,-1,1,99,2,1,2,4,1,1
926,0,,2,1986,1,5,4,3,5,1,3,2,1,4,3,1,2,2
927,1,0.593939073901442,2,1986,1,5,3,5,8,,3,3,9,1,3,1,1,1
928,1,1.15159276581657,2,1960,1,1,1,3,4,0,3,3,9,3,3,3,2,1
929,0,,1,1984,2,5,1,1,1,-1,,,1,,,4,1,1
930,1,0.96688288929941,1,1997,2,3,1,1,1,-1,,,2,,,2,1,1
931,1,1.76574218283335,2,1974,1,3,2,1,2,-1,1,99,2,1,2,1,1,1
932,1,1.1406228060211,2,1991,2,3,1,1,2,-1,1,99,2,1,3,6,2,1
933,0,,1,1992,2,5,3,1,2,-1,,,2,,,4,1,1
934,1,0.828024661055872,2,1988,2,4,2,1,2,-1,1,99,2,1,2,5,2,1
935,0,,1,1992,2,2,1,2,7,1,,,2,,,3,1,2
936,1,0.458800909212826,2,2000,2,2,1,1,2,-1,1,99,2,1,3,4,2,1
937,0,,1,1948,1,3,2,1,2,-1,,,2,,,2,1,1
938,1,0.580030715339456,2,1996,2,5,2,1,2,-1,1,99,2,1,3,3,1,1
939,0,,1,1976,2,2,2,1,1,-1,,,1,,,6,1,1
940,1,1.28573721907238,2,1964,1,2,1,2,7,1,2,99,2,3,2,5,1,2
941,1,0.7582208743294,2,1958,2,3,2,1,1,-1,1,99,2,1,5,2,1,1
942,0,,1,1946,1,2,7,3,5,1,,,2,,,5,2,2
943,0,,1,1974,1,5,1,4,5,1,,,2,,,3,1,2
944,0,,2,1978,2,4,1,3,3,-1,3,1,1,2,5,4,2,1
945,1,0.475671625394385,1,1988,2,2,1,1,1,-1,,,1,,,3,1,1
946,1,0.660545800079456,2,1975,1,6,1,2,7,1,2,99,1,3,2,2,2,2
947,1,0.875266404181805,2,1951,2,2,1,2,7,1,2,99,2,4,5,2,1,2
948,0,,1,1987,2,5,3,3,3,-1,,,1,,,2,1,1
949,1,0.941797154315434,2,1946,1,2,1,2,7,1,2,99,2,4,5,2,2,2
950,1,0.628128348844116,2,1989,2,5,1,2,7,1,2,99,1,3,2,2,1,2
951,1,0.427669993911979,2,1978,1,5,1,2,6,1,2,99,1,4,1,3,2,2
952,1,1.13158731638456,1,1990,2,3,1,5,4,0,,,9,,,2,2,1
953,1,0.358559678467911,2,1979,2,4,1,1,2,-1,1,99,1,2,3,4,2,1
954,1,0.980015528059894,2,1993,1,5,1,3,4,0,3,3,9,1,3,3,2,1
955,0,,1,1966,2,3,3,3,5,1,,,2,,,1,1,2
956,1,0.408880070633863,2,1990,2,3,1,3,3,-1,3,1,1,2,3,3,1,1
957,1,0.556700282958086,1,1982,2,2,1,5,4,0,,,9,,,2,1,2
958,0,,1,1977,2,3,3,2,6,1,,,2,,,4,2,2
959,1,0.401279710688083,2,1991,2,6,1,3,3,-1,1,99,1,2,5,4,2,1
960,1,0.863946943414998,2,1994,2,3,1,1,2,-1,1,99,2,2,4,4,2,1
961,1,0.326642093128664,2,1989,2,5,1,3,3,-1,3,1,2,1,5,3,1,1
962,1,0.489258789161697,2,1996,2,5,3,1,2,-1,1,99,2,1,3,4,2,1
963,1,0.281459687615981,1,1993,2,2,1,3,3,-1,,,1,,,3,2,1
964,1,1.75709504776425,1,1999,1,3,1,2,7,1,,,2,,,3,1,2
965,1,0.863946943414998,2,1993,2,4,1,5,8,,3,3,9,3,3,4,1,2
966,0,,1,1995,2,4,3,3,3,-1,,,2,,,1,2,1
967,0,,1,1995,1,3,1,1,2,-1,,,1,,,3,2,1
968,0,,1,1986,2,5,2,1,1,-1,,,2,,,4,2,1
969,1,0.452430401626972,1,1994,2,2,1,3,4,0,,,9,,,3,1,2
970,0,,1,1964,2,2,6,2,7,1,,,2,,,3,1,2
971,1,0.708913822603838,2,1993,2,2,1,2,7,1,2,99,2,3,3,4,2,2
972,0,,1,1984,2,5,1,2,6,1,,,2,,,2,1,2
973,1,0.283428734562446,2,1960,2,3,3,1,2,-1,1,99,2,2,5,6,2,1
974,1,0.738284241847196,2,1963,2,2,1,3,3,-1,3,1,2,2,3,5,2,1
975,0,,1,1958,2,5,2,1,1,-1,,,1,,,1,1,1
976,1,0.957608854729008,2,1979,2,6,1,1,1,-1,1,99,1,1,3,4,2,1
977,0,,1,1990,2,6,1,1,1,-1,,,2,,,3,1,1
978,0,,1,1972,1,2,1,3,4,0,,,9,,,4,1,1
979,1,0.738284241847196,2,1962,2,2,1,5,8,,3,3,9,2,3,5,2,1
980,0,,1,2000,2,3,1,1,2,-1,,,1,,,2,1,1
981,0,,1,1955,2,2,2,3,4,0,,,9,,,3,1,1
982,0,,1,1974,2,4,1,3,3,-1,,,2,,,6,2,1
983,0,,1,1995,2,5,2,1,1,-1,,,2,,,3,2,1
984,1,2.49687789689837,1,1992,1,2,2,1,1,-1,,,2,,,2,1,1
985,0,,1,1994,2,3,1,3,4,0,,,9,,,3,2,1
986,1,0.556700282958086,2,1979,2,2,1,3,4,0,4,3,9,2,5,3,1,1
987,1,0.58761724269918,2,1990,2,5,1,1,1,-1,1,99,2,2,3,3,1,1
988,1,0.787257321193914,1,1937,1,2,1,5,8,,,,9,,,6,2,2
989,1,2.0108013462339,2,1964,1,3,2,3,3,-1,1,99,2,1,2,1,1,1
990,1,0.124304418972058,2,1989,2,6,4,1,2,-1,1,99,2,2,5,2,2,1
991,1,1.19364629497333,1,1999,2,2,2,5,8,,,,9,,,4,1,1
992,0,,1,1979,2,3,2,1,1,-1,,,2,,,4,2,1
993,1,0.768289802646819,2,1987,2,4,6,1,2,-1,1,99,2,2,4,3,2,1
994,1,0.264414254842206,2,1983,2,2,1,1,2,-1,1,99,2,1,3,1,1,1
995,1,0.584890970993429,2,1981,2,2,1,1,2,-1,1,99,1,2,4,3,1,1
996,1,0.464150350213235,2,1989,2,3,3,1,2,-1,1,99,2,2,5,3,2,1
997,1,1.00025292704412,2,1963,2,2,2,1,1,-1,1,99,1,2,3,4,1,1
998,1,0.559655701423451,1,1999,2,2,3,1,2,-1,,,2,,,3,2,1
999,0,,1,1989,2,3,1,3,3,-1,,,2,,,5,2,1
1000,0,,1,1947,2,2,1,3,4,0,,,9,,,4,1,1
1001,1,0.96688288929941,2,1991,2,4,1,1,1,-1,1,99,2,2,3,3,2,1
1002,0,,1,1993,2,3,3,4,5,1,,,1,,,1,1,2
1003,1,1.14752078495157,1,1990,2,4,1,3,5,1,,,1,,,3,1,2
1004,1,0.592587898979267,2,1996,2,2,1,2,7,1,2,99,1,4,3,4,1,2
1005,0,,1,1991,2,6,2,1,2,-1,,,2,,,2,1,1
1006,1,0.97432517051209,2,1997,2,3,2,1,1,-1,1,99,1,2,4,4,2,1
1007,1,0.738284241847196,2,1967,2,2,1,5,4,0,3,3,9,3,5,3,1,1
1008,0,,1,1993,2,5,1,1,1,-1,,,2,,,3,2,1
1009,1,0.525058542607737,2,1992,2,5,1,2,6,1,2,99,2,3,4,1,2,2
1010,1,0.7582208743294,2,1969,2,4,2,1,1,-1,1,99,2,1,1,2,1,1
1011,0,,1,1989,2,3,1,1,2,-1,,,2,,,5,2,1
1012,1,0.559655701423451,1,1999,2,2,3,3,3,-1,,,2,,,3,2,1
1013,1,0.628128348844116,2,1992,2,5,1,3,3,-1,3,1,2,2,4,3,1,1
1014,1,1.35371966158942,1,2000,2,4,1,2,6,1,,,2,,,4,1,2
1015,1,0.847889742745043,2,1978,2,4,2,1,1,-1,1,99,2,1,3,3,2,1
1016,1,0.363607547288638,2,1989,2,6,1,1,1,-1,1,99,1,2,5,2,1,1
1017,0,,1,1978,2,4,3,1,1,-1,,,1,,,4,2,1
1018,0,,1,1987,2,4,2,3,4,0,,,9,,,1,1,1
1019,0,,1,1991,1,5,1,3,3,-1,,,2,,,3,2,1
1020,1,1.48945394357173,2,1999,1,3,1,1,1,-1,1,99,2,1,2,2,1,1
1021,0,,1,1959,1,2,1,3,4,0,,,9,,,4,2,1
1022,1,1.13158731638456,1,1999,2,3,1,2,6,1,,,1,,,4,2,2
1023,0,,1,1992,2,3,1,3,4,0,,,9,,,3,1,1
1024,1,0.708913822603838,2,1993,2,2,1,2,6,1,2,99,2,4,5,4,2,2
1025,1,0.708462294319573,2,1964,2,2,1,2,7,1,2,99,2,3,4,3,1,2
1026,0,,1,1968,2,2,1,2,6,1,,,2,,,6,1,2
1027,1,0.96138867225937,1,1990,2,6,4,5,3,-1,,,2,,,4,2,1
1028,1,7.00113526996817,1,1996,1,1,1,3,4,0,,,9,,,4,1,1
1029,0,,1,1942,1,3,2,1,1,-1,,,2,,,4,2,1
1030,1,1.03354106831779,1,2000,2,3,1,2,7,1,,,2,,,5,1,2
1031,0,,1,1989,2,5,1,3,5,1,,,2,,,2,2,2
1032,0,,2,1947,1,5,1,2,7,1,3,2,2,4,4,3,1,2
1033,0,,2,1945,1,6,1,3,4,0,3,3,9,3,3,6,2,2
1034,0,,1,1995,2,5,1,1,1,-1,,,2,,,2,1,1
1035,0,,1,1988,2,3,3,1,2,-1,,,2,,,4,2,1
1036,0,,1,2000,2,3,1,1,2,-1,,,2,,,4,1,1
1037,0,,1,1985,2,3,2,2,7,1,,,1,,,1,2,2
1038,1,0.680961485171877,2,1990,1,6,1,1,1,-1,1,99,1,1,5,1,1,1
1039,0,,1,1995,1,5,3,2,6,1,,,1,,,3,2,2
1040,0,,1,1970,2,5,3,1,2,-1,,,1,,,2,1,1
1041,0,,2,1960,1,6,1,2,6,1,2,99,2,4,2,3,1,2
1042,1,0.544766729297549,2,1990,1,5,1,3,4,0,3,1,9,2,5,3,2,2
1043,1,0.58761724269918,2,1995,2,5,1,1,1,-1,1,99,1,1,2,3,2,1
1044,1,0.847889742745043,2,1988,2,3,6,3,3,-1,3,1,2,1,3,6,2,1
1045,1,0.839683774514123,1,1977,2,3,2,1,2,-1,,,1,,,3,2,1
1046,1,0.58761724269918,1,1996,2,5,1,1,1,-1,,,1,,,2,1,1
1047,0,,1,1994,2,5,1,2,6,1,,,2,,,3,1,2
1048,0,,2,1960,1,3,1,3,5,1,3,8,2,3,3,4,2,2
1049,1,0.988044288121152,2,1991,2,3,2,1,1,-1,1,99,1,1,3,4,2,1
1050,1,2.94791061904695,1,1992,2,3,6,4,3,-1,,,2,,,3,2,1
1051,1,0.729212495474864,2,1984,2,4,1,2,7,1,2,99,2,4,5,3,1,2
1052,0,,2,1956,1,4,1,1,2,-1,1,99,2,2,5,3,1,1
1053,1,1.13158731638456,1,1996,2,3,1,1,2,-1,,,2,,,3,1,1
1054,0,,1,1991,1,5,1,1,2,-1,,,1,,,2,2,1
1055,1,1.57127343677074,1,2000,1,4,6,3,5,1,,,1,,,4,2,2
1056,1,0.31831068445233,2,1954,2,4,3,2,7,1,2,99,2,3,1,2,1,2
1057,0,,1,1985,1,3,3,2,6,1,,,2,,,2,2,2
1058,1,0.655475117386172,2,1974,1,5,3,1,2,-1,1,99,2,1,3,4,1,1
1059,1,0.512239417575915,2,1997,2,3,1,1,1,-1,1,99,2,2,5,2,1,1
1060,0,,1,1993,2,5,1,3,3,-1,,,1,,,2,2,1
1061,1,0.836116688399113,2,1985,2,3,1,1,1,-1,1,99,1,1,3,2,1,1
1062,1,0.468521175088975,2,1967,2,6,4,1,2,-1,1,99,2,2,5,3,2,1
1063,0,,1,1983,2,3,1,1,1,-1,,,1,,,3,2,1
1064,1,0.58816015101465,2,1986,1,6,1,3,3,-1,3,1,2,2,2,3,1,1
1065,1,0.776761030140514,1,1977,2,4,1,1,2,-1,,,2,,,3,2,1
1066,1,1.07476013726329,2,1970,1,2,1,2,7,1,2,99,2,4,4,3,2,2
1067,1,0.252565253512894,2,1991,2,6,3,1,2,-1,1,99,1,2,3,3,1,1
1068,1,0.269825530976143,2,1972,2,4,1,2,7,1,2,99,2,3,3,5,1,2
1069,1,0.237274421901901,2,1958,2,2,5,3,5,1,3,2,2,4,5,6,2,2
1070,1,0.610252022406666,2,1976,1,4,1,1,1,-1,1,99,2,1,4,3,2,1
1071,0,,1,1987,1,4,1,1,1,-1,,,2,,,4,2,1
1072,0,,1,1982,2,6,1,1,2,-1,,,2,,,2,1,1
1073,1,0.92187940948308,2,1975,2,3,1,1,1,-1,1,99,1,1,1,3,2,1
1074,1,1.23293149625839,1,1982,1,3,1,4,5,1,,,2,,,1,1,2
1075,0,,1,1995,2,5,1,2,7,1,,,2,,,4,2,2
1076,0,,2,1954,2,5,6,3,4,0,3,3,9,1,3,3,2,2
1077,1,0.401279710688083,2,1991,2,6,1,1,2,-1,1,99,1,2,4,3,1,1
1078,1,0.556700282958086,2,1984,2,2,1,3,5,1,3,2,2,3,5,4,2,2
1079,0,,1,1981,2,6,4,3,3,-1,,,1,,,2,1,1
1080,0,,1,1990,2,3,6,3,3,-1,,,2,,,4,2,1
1081,1,0.413671115614198,2,1958,2,2,1,2,6,1,3,2,1,4,4,4,1,2
1082,1,0.660545800079456,2,1984,1,6,1,2,7,1,2,99,1,4,1,1,1,2
1083,0,,1,1987,2,5,2,1,2,-1,,,2,,,6,2,1
1084,0,,1,1989,2,5,1,2,6,1,,,2,,,4,1,2
1085,0,,1,1998,2,3,1,1,1,-1,,,2,,,4,2,1
1086,1,0.960015510237718,2,1999,2,1,1,5,3,-1,1,99,2,1,2,5,1,1
1087,1,0.711414291471604,2,1958,1,5,1,2,6,1,2,99,2,3,5,2,1,2
1088,1,0.920389864127184,2,1981,1,5,1,2,6,1,3,2,1,4,4,2,1,2
1089,1,0.884909359897196,2,1966,1,5,1,2,6,1,2,99,2,3,1,2,2,2
1090,1,1.23293149625839,1,1981,1,4,1,2,7,1,,,2,,,2,1,2
1091,1,1.09782118808844,2,1984,1,3,1,1,2,-1,3,3,1,2,5,4,2,1
1092,1,0.573182696288446,2,1952,1,5,1,1,1,-1,1,99,2,2,5,2,2,1
1093,1,1.44158176474112,2,1979,1,2,1,3,5,1,3,3,1,1,5,5,1,2
1094,1,1.82606844279233,2,1975,1,6,4,1,1,-1,1,99,1,2,4,4,2,1
1095,1,0.58816015101465,2,1976,1,6,1,1,2,-1,1,99,1,1,5,3,1,1
1096,1,0.876215617927974,2,1983,1,5,1,3,5,1,3,3,1,2,5,3,1,2
1097,1,0.58816015101465,2,1986,1,6,1,1,2,-1,1,99,1,2,3,4,2,1
1098,1,1.23293149625839,2,1977,1,3,1,2,6,1,2,99,2,3,1,1,1,2
1099,0,,1,1984,1,2,1,3,4,0,,,9,,,3,1,1
1100,0,,1,1947,1,2,1,3,3,-1,,,2,,,3,2,1
1101,1,0.838590687338716,2,1943,1,2,1,1,1,-1,1,99,1,1,3,3,2,1
1102,0,,1,1992,1,3,1,1,2,-1,,,1,,,3,2,1
1103,1,1.01990907972773,1,1999,2,2,2,1,2,-1,,,2,,,4,2,1
1104,0,,2,1980,2,5,1,1,2,-1,1,99,2,2,3,4,1,1
1105,1,2.7955231022755,1,1995,2,4,4,1,2,-1,,,1,,,2,1,1
1106,0,,1,1947,2,1,1,2,7,1,,,2,,,5,2,2
1107,1,2.14994559040868,2,1979,1,2,1,2,6,1,2,99,2,3,3,2,1,2
1108,1,0.218889319315506,2,1958,2,2,5,1,1,-1,1,99,1,1,3,3,2,1
1109,0,,1,1985,2,6,2,1,1,-1,,,2,,,2,1,1
1110,1,0.550253495558826,1,1974,2,2,2,1,1,-1,,,2,,,1,2,1
1111,1,0.913732369003711,2,1990,1,4,1,3,3,-1,3,1,2,1,3,1,2,1
1112,1,0.592587898979267,1,1990,2,2,1,5,8,,,,9,,,3,1,2
1113,1,1.08220603515607,2,1985,2,5,1,1,1,-1,1,99,2,1,2,3,2,1
1114,0,,1,1980,2,5,1,1,1,-1,,,2,,,1,1,1
1115,1,1.93589699789828,1,1991,1,2,1,3,4,0,,,9,,,3,1,2
1116,1,0.51945207411647,1,1998,2,3,3,1,2,-1,,,2,,,3,2,1
1117,1,0.466152109717364,2,1951,1,2,1,2,6,1,2,99,1,4,4,3,1,2
1118,1,1.93589699789828,1,2000,1,2,1,3,5,1,,,2,,,3,2,2
1119,1,1.89997579992804,2,1985,2,5,4,5,8,,3,8,9,2,3,4,2,2
1120,1,1.72456650093418,2,1983,1,2,1,2,6,1,2,99,2,3,3,3,2,2
1121,1,0.708462294319573,2,1961,2,2,1,2,7,1,2,99,1,3,1,1,2,2
1122,1,0.780195877560528,2,1974,1,5,1,1,1,-1,1,99,2,1,5,2,1,1
1123,1,0.28243540253381,2,1975,2,5,6,2,7,1,2,99,2,4,5,4,1,2
1124,0,,1,1988,2,5,1,2,6,1,,,2,,,2,2,2
1125,1,1.14484021674773,2,1961,1,2,1,1,1,-1,1,99,1,2,4,3,2,1
1126,1,0.601778597311031,2,1986,1,4,1,4,4,0,4,2,9,3,5,4,1,2
1127,0,,1,1950,2,2,1,1,1,-1,,,2,,,2,1,1
1128,1,6.34665804305951,1,2000,1,1,1,5,5,1,,,2,,,2,1,2
1129,1,0.876215617927974,2,1976,1,5,1,2,6,1,2,99,2,4,5,2,2,2
1130,1,2.48880537554619,1,1979,1,1,1,5,8,,,,9,,,6,2,2
1131,1,0.833080144909934,2,1947,2,2,1,2,6,1,2,99,2,4,5,5,1,2
1132,1,0.261190461807253,1,1997,2,2,1,1,1,-1,,,2,,,4,1,1
1133,1,5.47145606576506,2,1939,1,2,4,3,4,0,3,3,9,1,3,6,1,2
1134,1,2.38810385465795,1,1994,1,5,4,2,7,1,,,2,,,2,2,2
1135,0,,1,1952,2,2,1,3,3,-1,,,1,,,6,2,1
1136,0,,1,1990,1,3,1,3,3,-1,,,2,,,2,1,1
1137,1,0.549915334424565,2,1951,1,2,1,3,5,1,3,2,1,4,3,3,2,2
1138,1,1.112194890531,2,1986,1,5,2,1,1,-1,1,99,2,1,1,6,2,1
1139,1,0.838590687338716,2,1950,1,2,1,1,1,-1,1,99,2,1,2,1,1,1
1140,0,,1,1948,2,5,4,1,1,-1,,,2,,,6,2,1
1141,1,0.875266404181805,2,1945,2,2,1,2,7,1,2,99,1,4,5,2,2,2
1142,0,,2,1944,1,2,1,5,4,0,3,3,9,1,3,5,1,1
1143,1,0.630825735270836,2,1955,2,2,1,3,4,0,3,3,9,2,4,6,2,1
1144,1,4.14586263149659,2,1966,1,2,6,1,1,-1,1,99,1,1,4,2,1,1
1145,1,1.076711343441,2,1945,1,5,3,2,7,1,2,99,2,4,5,2,1,2
1146,0,,1,1979,1,5,1,3,4,0,,,9,,,6,2,1
1147,0,,1,1964,2,2,1,3,4,0,,,9,,,6,1,2
1148,1,0.895286630864664,1,1997,2,3,2,3,5,1,,,1,,,4,2,2
1149,1,0.314435098105098,1,1991,2,5,4,1,2,-1,,,2,,,3,1,1
1150,1,0.662976029640335,2,1975,1,2,4,1,2,-1,1,99,1,1,3,4,1,1
1151,0,,1,1990,1,3,1,2,7,1,,,2,,,3,2,2
1152,1,0.876215617927974,2,1977,1,5,1,2,7,1,2,99,2,3,1,2,2,2
1153,1,1.28573721907238,2,1960,1,2,1,2,7,1,2,99,2,4,5,3,2,2
1154,1,0.875266404181805,2,1941,2,2,1,2,7,1,2,99,2,4,4,3,1,2
1155,1,0.387426724184869,2,1974,2,6,3,2,6,1,2,99,2,3,3,4,2,2
1156,0,,1,1979,2,4,2,1,1,-1,,,1,,,5,2,1
1157,0,,1,1956,2,5,2,1,2,-1,,,2,,,3,1,1
1158,1,0.630825735270836,2,1959,2,2,1,1,1,-1,1,99,2,2,5,5,2,1
1159,0,,1,1968,2,2,1,3,4,0,,,9,,,4,1,2
1160,0,,1,1979,2,6,4,3,4,0,,,9,,,4,1,2
1161,0,,1,1950,2,3,2,1,1,-1,,,1,,,5,1,1
1162,1,0.283428734562446,2,1967,2,3,3,1,1,-1,1,99,2,1,4,5,1,1
1163,0,,1,1965,1,6,3,2,7,1,,,2,,,3,1,2
1164,0,,1,1987,2,4,1,1,1,-1,,,2,,,1,1,1
1165,1,1.20409765474606,1,1994,2,1,3,5,8,,,,9,,,4,2,1
1166,1,0.7582208743294,2,1971,2,3,2,1,1,-1,1,99,2,1,1,3,2,1
1167,1,0.780195877560528,2,1982,1,5,1,1,1,-1,1,99,1,1,3,2,1,1
1168,1,0.875266404181805,2,1952,2,2,1,2,7,1,2,99,2,3,5,2,2,2
1169,0,,1,1982,1,5,4,3,4,0,,,9,,,3,1,2
1170,0,,1,1992,2,4,3,5,8,,,,9,,,5,1,1
1171,0,,2,1951,1,5,2,1,1,-1,1,99,2,1,1,6,2,1
1172,1,1.23293149625839,2,1980,1,3,1,2,7,1,2,99,2,4,4,1,2,2
1173,0,,1,1975,2,4,3,1,2,-1,,,1,,,4,1,1
1174,1,0.694885529860306,2,1977,2,5,2,1,1,-1,1,99,1,2,4,1,1,1
1175,1,0.875266404181805,2,1945,2,2,1,2,6,1,2,99,2,4,4,4,1,2
1176,1,0.776761030140514,2,1976,2,3,1,1,2,-1,1,99,1,2,4,3,2,1
1177,1,4.8549687859338,1,1989,2,2,1,3,4,0,,,9,,,5,2,2
1178,1,1.82606844279233,2,1984,1,6,4,2,6,1,2,99,2,3,2,3,2,2
1179,0,,1,1988,1,5,6,3,5,1,,,2,,,5,1,2
1180,1,1.17463042048041,1,1980,1,4,3,2,6,1,,,1,,,3,1,2
1181,0,,1,1974,1,5,1,2,7,1,,,1,,,2,2,2
1182,0,,1,1990,1,6,3,3,5,1,,,2,,,4,2,2
1183,0,,1,1987,1,5,4,1,2,-1,,,2,,,2,2,1
1184,1,2.89573928050843,1,2000,1,1,2,1,2,-1,,,2,,,4,1,1
1185,1,1.14484021674773,2,1966,1,2,1,1,1,-1,1,99,2,1,3,3,2,1
1186,0,,1,1991,1,5,2,1,1,-1,,,1,,,2,1,1
1187,1,1.09782118808844,2,1979,1,3,1,1,1,-1,1,99,2,1,2,2,1,1
1188,0,,1,1964,2,2,1,1,2,-1,,,2,,,6,1,1
1189,0,,1,1946,1,5,3,1,2,-1,,,1,,,5,2,1
1190,1,0.999765441403236,2,1969,1,2,7,2,7,1,2,99,2,4,4,3,2,2
1191,0,,1,1983,1,5,1,1,2,-1,,,2,,,4,2,1
1192,1,0.875266404181805,1,1939,2,2,1,2,6,1,,,2,,,5,1,2
1193,1,0.708462294319573,2,1958,2,2,1,2,6,1,2,99,2,4,3,4,2,2
1194,1,0.630825735270836,2,1964,2,2,1,3,3,-1,3,1,2,2,5,3,2,1
1195,0,,1,1978,2,3,3,3,5,1,,,2,,,3,1,2
1196,0,,1,1990,2,3,1,3,3,-1,,,1,,,6,1,1
1197,1,0.853591783617887,2,1983,1,2,1,3,3,-1,1,99,2,1,4,2,2,1
1198,1,4.53850768859364,2,1973,2,2,3,4,5,1,3,3,2,3,3,4,1,2
1199,1,0.636388753635995,2,1957,1,2,1,1,2,-1,3,1,2,1,5,4,2,1
1200,1,0.941797154315434,2,1947,1,2,1,2,6,1,2,99,2,4,3,3,1,2
1201,1,0.888011611281349,1,1999,1,5,1,1,2,-1,,,2,,,3,2,1
1202,0,,1,1995,1,5,1,1,1,-1,,,1,,,2,1,1
1203,1,0.941797154315434,2,1953,1,2,1,2,7,1,2,99,2,3,3,6,1,2
1204,1,0.643986860520209,2,1985,2,2,3,5,8,,3,3,9,1,3,5,2,1
1205,0,,1,1990,2,6,3,1,2,-1,,,2,,,4,1,1
1206,0,,1,1968,1,5,3,1,2,-1,,,2,,,4,2,1
1207,1,0.617639759204074,1,1989,2,2,3,1,2,-1,,,2,,,4,1,1
1208,0,,1,1959,2,4,2,1,2,-1,,,2,,,5,2,1
1209,1,0.482034080989252,2,1990,2,2,1,1,2,-1,1,99,2,1,2,4,1,1
1210,0,,1,1983,1,4,1,2,7,1,,,2,,,2,2,2
1211,1,0.534213162570075,2,1975,2,2,1,2,7,1,2,99,2,4,1,1,1,2
1212,0,,2,1951,1,2,1,3,5,1,3,2,2,3,5,2,1,2
1213,0,,1,1967,2,4,3,3,4,0,,,9,,,6,2,1
1214,1,0.465684487170767,2,1988,2,5,6,1,2,-1,1,99,2,1,2,4,1,1
1215,1,0.767132542367482,2,1975,1,5,3,1,2,-1,1,99,1,1,1,2,2,1
1216,1,0.51945207411647,2,1996,2,3,3,1,1,-1,1,99,2,2,5,3,1,1
1217,1,1.62187594288745,2,1979,1,3,3,1,1,-1,1,99,2,1,2,3,2,1
1218,1,0.7582208743294,2,1972,2,3,2,1,2,-1,1,99,2,1,3,2,1,1
1219,1,0.236090475948307,2,1984,2,5,3,3,5,1,3,3,2,3,3,4,2,2
1220,1,0.694885529860306,2,1977,2,5,2,1,1,-1,1,99,2,1,2,3,1,1
1221,0,,1,1975,2,6,3,3,3,-1,,,2,,,3,2,1
1222,0,,1,1963,2,5,2,1,2,-1,,,1,,,2,1,1
1223,1,1.92378080628024,2,2000,1,4,1,5,8,,3,3,9,1,5,3,1,1
1224,1,2.07004119585375,1,1997,1,3,2,3,3,-1,,,1,,,3,2,1
1225,1,0.568651149110885,2,1990,2,2,1,2,7,1,2,99,2,3,5,5,2,2
1226,1,0.680267553438828,2,1946,1,5,1,3,4,0,3,1,9,1,3,3,2,2
1227,1,0.804619102754207,2,1939,1,3,1,2,6,1,2,99,2,4,4,2,1,2
1228,1,0.875266404181805,2,1943,2,2,1,2,7,1,2,99,2,3,1,1,2,2
1229,1,0.683298351284561,2,1946,2,5,1,3,3,-1,3,1,2,1,4,2,1,1
1230,1,1.02680596693948,2,1947,2,6,1,1,1,-1,1,99,1,1,3,4,2,1
1231,1,1.03310729501102,2,1968,2,5,1,3,3,-1,3,1,2,2,4,2,1,1
1232,0,,2,1951,1,5,2,1,1,-1,1,99,2,2,5,3,1,1
1233,1,0.952148469283301,2,1962,1,5,2,2,7,1,2,99,2,3,5,4,2,2
1234,0,,2,1963,1,5,1,3,5,1,3,2,1,4,4,5,1,2
1235,1,0.469246603340572,2,1958,1,4,1,2,6,1,1,99,1,1,3,6,1,2
1236,1,0.73164362573176,2,1947,2,2,1,3,5,1,3,2,2,3,2,5,1,2
1237,0,,1,1965,2,5,1,2,6,1,,,1,,,3,2,2
1238,0,,1,1949,1,4,1,3,4,0,,,9,,,4,2,1
1239,0,,1,1946,1,3,1,2,7,1,,,2,,,4,2,2
1240,1,1.48945394357173,1,1997,1,3,1,1,2,-1,,,2,,,2,1,1
1241,1,1.03026539815156,2,1988,2,5,1,2,6,1,2,99,2,4,2,3,1,2
1242,1,0.776761030140514,2,1975,2,3,1,3,4,0,3,1,9,2,3,3,2,1
1243,0,,1,1980,2,6,1,1,1,-1,,,2,,,3,1,1
1244,1,0.832663226638276,2,1955,1,6,1,1,1,-1,1,99,2,2,2,3,2,1
1245,1,0.7673927847094,2,1941,2,5,1,2,6,1,2,99,2,3,3,4,1,2
1246,1,0.526439314643632,2,1971,2,6,1,3,4,0,3,3,9,2,5,2,2,1
1247,1,0.780195877560528,2,1981,1,5,1,1,1,-1,1,99,2,2,5,3,1,1
1248,1,1.11722043882953,2,1968,2,6,1,2,6,1,2,99,1,3,5,4,2,2
1249,1,0.935140193173035,2,1961,1,6,1,2,7,1,2,99,2,4,5,2,1,2
1250,0,,1,1990,2,5,1,3,8,,,,9,,,3,2,1
1251,0,,1,1972,1,4,2,1,2,-1,,,2,,,3,1,1
1252,1,0.832663226638276,2,1955,1,6,1,1,1,-1,1,99,2,1,4,3,1,1
1253,0,,1,1993,2,4,3,1,1,-1,,,2,,,4,2,1
1254,0,,1,1979,1,5,6,1,1,-1,,,1,,,2,2,1
1255,1,1.09782118808844,2,1980,1,3,1,1,1,-1,1,99,1,1,3,1,2,1
1256,0,,1,1947,2,3,1,2,7,1,,,1,,,4,1,2
1257,1,0.551646927826971,2,1996,2,5,1,2,6,1,2,99,1,3,4,3,1,2
1258,0,,1,1953,2,5,2,1,1,-1,,,2,,,4,1,1
1259,0,,2,1951,1,2,1,3,3,-1,3,1,1,1,4,3,2,1
1260,0,,1,1949,2,4,1,3,4,0,,,9,,,6,2,1
1261,1,1.1907352348586,2,1963,2,3,1,2,7,1,2,99,1,3,5,3,2,2
1262,1,0.73164362573176,2,1949,2,2,1,2,7,1,2,99,2,4,5,3,2,2
1263,0,,1,1960,1,4,1,3,5,1,,,1,,,3,2,2
1264,0,,1,1953,2,3,1,2,7,1,,,2,,,6,1,2
1265,0,,1,1972,1,5,3,1,1,-1,,,2,,,1,1,1
1266,1,1.02295864049724,2,1970,1,2,1,3,3,-1,3,1,2,1,2,5,1,1
1267,0,,1,1996,2,5,4,1,1,-1,,,1,,,5,2,1
1268,1,0.826946751531606,2,1948,1,2,1,2,7,1,1,99,2,2,3,2,1,2
1269,1,1.72456650093418,1,1981,1,2,1,2,6,1,,,2,,,3,2,2
1270,1,0.875266404181805,2,1947,2,2,1,2,7,1,2,99,2,4,4,3,2,2
1271,1,0.570331190519844,2,1986,1,6,3,2,7,1,2,99,2,3,3,1,1,2
1272,1,0.563666987849642,2,1965,2,2,1,3,8,,3,3,9,1,3,6,1,1
1273,1,1.28573721907238,2,1959,1,2,1,2,6,1,2,99,2,3,4,3,2,2
1274,1,0.534213162570075,2,1974,2,2,1,2,7,1,2,99,2,3,1,1,2,2
1275,1,1.28483040277943,1,1983,1,4,1,4,4,0,,,9,,,6,1,1
1276,0,,1,1974,2,6,3,2,6,1,,,2,,,3,2,2
1277,1,1.62187594288745,2,1980,1,3,1,1,1,-1,1,99,1,1,3,1,1,1
1278,0,,2,1958,1,3,1,1,1,-1,1,99,1,2,4,2,1,1
1279,1,2.76394942098544,2,1970,1,3,3,1,1,-1,1,99,2,2,5,3,2,1
1280,1,0.643986860520209,2,1983,2,2,3,5,8,,3,3,9,2,5,6,2,2
1281,1,1.03696613015968,2,1949,2,3,2,2,7,1,2,99,1,3,3,4,2,2
1282,0,,1,1963,2,5,3,1,2,-1,,,2,,,6,2,1
1283,0,,1,1993,1,3,3,3,4,0,,,9,,,3,1,1
1284,0,,1,1974,1,3,1,3,3,-1,,,1,,,2,1,1
1285,0,,2,1956,2,3,3,3,4,0,1,99,9,1,3,3,2,1
1286,1,0.516698552712244,2,1955,1,5,1,2,6,1,2,99,2,4,3,6,1,2
1287,1,0.251484831159606,2,1980,2,5,3,3,3,-1,3,1,2,1,4,2,2,1
1288,1,0.863324914404122,2,1942,1,6,1,2,7,1,2,99,1,3,2,1,1,2
1289,0,,2,1956,1,5,1,4,5,1,4,2,2,3,3,2,2,2
1290,1,0.863324914404122,2,1934,1,6,1,2,7,1,2,99,2,4,4,2,1,2
1291,0,,1,1983,1,3,1,3,5,1,,,2,,,1,2,2
1292,0,,2,1948,1,6,1,1,1,-1,1,99,1,1,3,3,1,1
1293,0,,1,1986,1,6,7,4,5,1,,,2,,,2,2,2
1294,1,0.863324914404122,2,1950,1,6,1,4,5,1,4,2,2,3,3,1,1,2
1295,1,0.375871040395326,2,1943,1,5,1,3,5,1,3,2,2,3,4,4,2,2
1296,0,,1,1948,2,5,2,1,1,-1,,,2,,,4,1,1
1297,1,0.708462294319573,2,1960,2,2,1,2,7,1,2,99,2,3,3,3,2,2
1298,1,0.643725050155805,2,1948,1,5,1,4,5,1,2,99,2,3,1,6,1,2
1299,0,,1,1964,2,2,1,2,7,1,,,1,,,4,2,2
1300,0,,1,1962,1,4,2,1,1,-1,,,2,,,3,2,1
1301,1,0.643986860520209,2,1986,2,2,3,2,7,1,2,99,2,3,1,4,1,2
1302,0,,1,1959,1,5,3,1,1,-1,,,2,,,4,2,1
1303,1,0.266078969978935,2,1964,2,3,3,1,2,-1,1,99,1,1,2,1,1,1
1304,0,,1,1963,1,2,1,3,5,1,,,2,,,3,2,2
1305,1,1.12785530141762,2,1974,1,5,2,1,1,-1,1,99,2,2,3,3,1,1
1306,0,,1,1995,2,3,6,5,8,,,,9,,,4,1,1
1307,1,1.47802318909352,1,1999,1,2,1,3,4,0,,,9,,,4,2,2
1308,0,,1,1965,1,3,1,3,4,0,,,9,,,5,2,2
1309,1,0.630825735270836,2,1959,2,2,1,1,1,-1,1,99,2,2,4,6,2,1
1310,1,1.07792162858575,1,1989,1,3,1,2,6,1,,,2,,,2,2,2
1311,0,,1,1962,1,1,1,2,7,1,,,8,,,1,1,2
1312,0,,1,1952,2,2,1,2,7,1,,,2,,,2,2,2
1313,0,,1,1994,2,3,2,1,1,-1,,,2,,,3,1,1
1314,0,,1,1958,1,4,3,2,7,1,,,2,,,3,2,2
1315,1,1.15635347035072,2,1992,2,4,2,1,2,-1,1,99,2,2,4,3,1,1
1316,0,,1,1984,2,2,1,3,4,0,,,9,,,4,1,1
1317,1,0.787936919270103,2,1959,1,5,1,1,1,-1,1,99,1,2,3,4,2,1
1318,1,0.643725050155805,2,1927,1,5,1,3,4,0,3,3,9,2,3,2,2,1
1319,0,,1,1990,2,5,6,1,1,-1,,,1,,,4,2,1
1320,0,,1,1942,1,5,1,1,1,-1,,,2,,,4,1,1
1321,0,,2,1957,1,5,1,2,7,1,2,99,2,4,5,6,1,2
1322,1,0.804619102754207,2,1939,1,3,1,2,7,1,2,99,2,3,5,2,1,2
1323,0,,1,1988,1,3,2,3,3,-1,,,2,,,4,2,1
1324,0,,2,1924,1,5,1,1,1,-1,1,99,2,1,5,2,2,1
1325,0,,1,1983,2,3,3,1,2,-1,,,2,,,1,1,1
1326,0,,1,1964,2,5,2,1,1,-1,,,1,,,4,2,1
1327,0,,1,1954,1,2,4,1,1,-1,,,2,,,4,1,1
1328,0,,1,1943,1,6,1,1,1,-1,,,2,,,1,2,1
1329,0,,1,1985,1,3,3,1,1,-1,,,2,,,3,1,1
1330,0,,1,1949,1,4,1,2,7,1,,,2,,,4,1,2
1331,1,0.96688288929941,1,1998,2,3,1,1,1,-1,,,2,,,3,2,1
1332,0,,1,1953,2,5,3,5,4,0,,,9,,,4,1,1
1333,0,,2,1952,2,2,3,2,7,1,2,99,1,3,2,3,1,2
1334,0,,1,1968,1,2,1,2,6,1,,,2,,,3,2,2
1335,0,,1,1997,1,5,2,3,3,-1,,,2,,,6,2,1
1336,1,0.71644523805656,2,1947,1,4,1,1,1,-1,1,99,2,1,3,3,1,1
1337,0,,2,1950,1,6,1,2,6,1,2,99,2,4,3,1,1,2
1338,1,0.76871779666082,2,1952,1,6,1,3,3,-1,3,1,2,2,5,1,1,1
1339,0,,1,1990,2,5,1,1,1,-1,,,1,,,3,2,1
1340,1,0.904702920752341,1,1982,2,2,2,1,1,-1,,,2,,,5,2,1
1341,1,0.579458104329955,2,1991,2,5,1,1,2,-1,1,99,2,1,2,3,2,1
1342,0,,1,1991,2,4,1,1,2,-1,,,2,,,4,1,1
1343,1,0.401279710688083,2,1993,2,6,1,1,1,-1,1,99,2,2,2,1,1,1
1344,1,0.51945207411647,2,1989,2,3,3,5,8,,3,3,9,2,3,4,1,2
1345,0,,1,1962,1,2,3,1,1,-1,,,1,,,6,2,1
1346,1,5.05108519244201,2,1952,2,4,1,2,7,1,2,99,2,3,3,3,2,2
1347,0,,1,1955,1,5,1,2,7,1,,,1,,,4,2,2
1348,0,,1,1983,1,5,3,3,4,0,,,9,,,5,1,2
1349,1,0.76871779666082,2,1941,1,6,1,1,1,-1,3,1,2,1,5,2,1,1
1350,0,,1,1974,2,5,2,3,3,-1,,,1,,,3,2,1
1351,0,,1,1961,2,2,1,1,1,-1,,,2,,,4,2,1
1352,0,,1,1970,1,3,3,2,7,1,,,2,,,3,2,2
1353,0,,1,1991,2,3,2,1,2,-1,,,1,,,6,2,1
1354,1,0.71644523805656,2,1945,1,3,1,1,1,-1,1,99,2,2,4,5,2,1
1355,0,,1,1943,1,3,1,2,7,1,,,1,,,3,1,2
1356,1,2.11655290639198,1,1990,1,2,2,3,5,1,,,2,,,3,1,2
1357,1,1.1006273375642,2,1989,1,5,1,2,6,1,3,2,2,3,3,3,1,2
1358,0,,1,1988,1,5,4,2,7,1,,,1,,,3,2,2
1359,1,0.573182696288446,2,1947,1,5,1,1,1,-1,1,99,1,2,5,3,1,1
1360,0,,2,1943,1,6,1,2,7,1,2,99,2,4,5,2,2,2
1361,0,,2,1943,2,5,2,1,1,-1,1,99,2,2,5,3,2,1
1362,1,1.01433712394289,2,1961,2,2,2,1,1,-1,1,99,2,1,3,3,1,1
1363,1,0.58761724269918,2,1990,2,5,1,1,1,-1,1,99,1,1,5,2,2,1
1364,0,,1,1970,1,2,3,1,2,-1,,,2,,,1,1,1
1365,0,,1,1976,1,4,1,2,6,1,,,1,,,3,2,2
1366,1,3.38360070147556,2,1965,2,1,3,1,2,-1,1,99,2,2,3,4,1,1
1367,1,1.28573721907238,2,1960,1,2,1,3,5,1,3,2,2,3,3,3,1,2
1368,0,,1,1986,1,3,1,3,5,1,,,1,,,5,1,2
1369,0,,1,1956,2,2,2,1,1,-1,,,2,,,4,2,1
1370,1,0.694885529860306,2,1980,2,5,2,1,1,-1,1,99,2,1,2,4,2,1
1371,0,,1,1965,1,5,3,2,6,1,,,2,,,1,1,2
1372,1,0.573182696288446,2,1936,1,5,1,1,2,-1,3,3,1,1,3,4,1,1
1373,0,,1,1942,1,3,1,3,5,1,,,2,,,8,2,2
1374,1,0.832663226638276,2,1959,1,6,1,1,1,-1,1,99,1,2,5,2,2,1
1375,1,0.301744592585442,2,1944,1,6,7,1,1,-1,1,99,2,2,5,1,1,1
1376,1,0.32507906642544,2,1942,1,6,1,4,3,-1,4,98,1,3,5,4,2,1
1377,0,,2,1936,1,5,1,2,6,1,2,99,2,3,3,3,1,2
1378,1,3.7664916901338,1,1996,2,1,2,5,8,,,,9,,,6,2,2
1379,1,0.643725050155805,2,1940,1,5,1,2,6,1,2,99,2,3,4,4,1,2
1380,0,,1,1938,1,3,1,2,7,1,,,2,,,2,2,2
1381,0,,2,1944,1,6,1,2,7,1,2,99,2,4,5,2,2,2
1382,1,0.643725050155805,2,1946,1,5,1,2,7,1,2,99,1,4,1,2,1,2
1383,0,,2,1948,1,6,1,4,5,1,4,2,2,4,4,3,2,2
1384,1,0.643725050155805,2,1949,1,5,1,4,4,0,4,3,9,4,5,6,1,1
1385,0,,1,1964,2,3,2,2,7,1,,,1,,,6,2,2
1386,1,0.863324914404122,2,1942,1,6,1,2,7,1,2,99,2,3,3,3,1,2
1387,0,,1,1992,2,5,3,1,2,-1,,,2,,,4,1,1
1388,1,0.573182696288446,2,1951,1,5,1,1,2,-1,1,99,1,2,3,1,1,1
1389,1,0.76871779666082,2,1945,1,6,1,1,1,-1,1,99,2,2,5,2,2,1
1390,1,1.46877269064531,2,1999,1,3,1,2,6,1,2,99,1,4,2,3,1,2
1391,1,0.503156847872459,2,1949,1,5,6,2,6,1,2,99,2,3,3,2,1,2
1392,0,,2,1945,1,6,1,1,1,-1,1,99,2,1,5,4,2,1
1393,1,0.630825735270836,2,1964,2,2,1,1,1,-1,1,99,2,2,5,3,1,1
1394,1,1.85769917730582,1,1990,1,2,1,4,5,1,,,2,,,1,2,2
1395,1,0.565050499537252,2,1983,1,5,1,4,5,1,4,2,2,4,1,3,1,2
1396,0,,2,1948,1,6,1,3,4,0,3,3,9,2,5,5,2,1
1397,0,,2,1944,1,5,1,2,6,1,3,2,2,3,3,2,1,2
1398,0,,1,1956,2,3,3,2,7,1,,,2,,,2,1,2
1399,0,,1,1978,2,5,3,1,1,-1,,,2,,,5,2,1
1400,1,0.643725050155805,2,1942,1,5,1,3,5,1,3,2,2,4,5,3,1,2
1401,1,1.53558056610495,1,1975,1,2,1,1,1,-1,,,1,,,3,2,1
1402,0,,1,1979,2,5,3,4,4,0,,,9,,,3,2,2
1403,1,0.516698552712244,2,1971,1,5,1,3,4,0,3,3,9,4,3,3,1,1
1404,1,0.804619102754207,2,1943,1,3,1,3,5,1,3,2,2,4,5,5,2,2
1405,1,0.71644523805656,2,1950,1,3,1,3,3,-1,2,99,1,4,5,5,1,1
1406,1,1.23293149625839,2,1976,1,3,1,3,5,1,3,2,2,4,5,1,2,2
1407,0,,1,1947,1,6,1,1,1,-1,,,2,,,3,2,1
1408,0,,1,1970,1,6,1,4,4,0,,,9,,,2,1,2
1409,0,,2,1949,1,5,1,3,5,1,3,2,2,4,4,3,1,2
1410,1,0.96139829391745,2,1954,1,3,1,3,5,1,3,2,2,3,2,4,2,2
1411,0,,1,1991,2,6,6,5,4,0,,,9,,,6,1,1
1412,0,,1,1956,1,4,1,3,5,1,,,2,,,1,2,2
1413,0,,1,1988,2,6,3,1,1,-1,,,1,,,3,2,1
1414,1,1.52259466910905,2,1975,1,4,3,3,3,-1,3,3,2,3,5,2,1,1
1415,1,0.833080144909934,2,1950,2,2,1,2,7,1,2,99,2,4,4,5,1,2
1416,0,,1,1944,1,4,1,1,2,-1,,,2,,,3,1,1
1417,0,,1,1975,2,5,2,1,2,-1,,,2,,,3,2,1
1418,0,,2,1948,1,6,1,2,7,1,2,99,2,3,1,2,1,2
1419,1,1.07476013726329,2,1967,1,2,1,2,7,1,2,99,2,4,3,3,2,2
1420,0,,1,1968,1,4,2,1,2,-1,,,1,,,1,1,1
1421,0,,1,1947,1,2,1,2,7,1,,,2,,,6,2,2
1422,0,,2,1983,2,3,2,1,2,-1,1,99,2,1,1,3,1,1
1423,1,0.73164362573176,2,1942,2,2,1,3,4,0,3,2,9,4,2,5,1,2
1424,0,,1,1948,2,2,2,1,1,-1,,,2,,,3,1,1
1425,0,,1,1950,2,2,1,2,7,1,,,1,,,2,2,2
1426,1,0.76871779666082,2,1939,1,6,1,1,1,-1,1,99,1,2,3,1,1,1
1427,0,,1,1966,1,5,3,3,3,-1,,,1,,,6,1,1
1428,0,,2,1948,1,6,1,1,1,-1,1,99,1,1,3,3,1,1
1429,0,,1,1965,1,6,1,3,5,1,,,2,,,3,2,2
1430,1,0.855660237849209,1,1982,2,6,1,5,3,-1,,,2,,,4,2,1
1431,1,0.884909359897196,2,1955,1,5,1,2,7,1,2,99,2,3,1,3,1,2
1432,0,,2,1946,1,5,1,1,1,-1,1,99,1,1,5,1,1,1
1433,0,,2,1942,1,5,1,2,6,1,2,99,2,4,5,3,2,2
1434,1,1.18490325855815,2,1972,2,1,6,1,1,-1,1,99,2,1,3,4,2,1
1435,1,0.804619102754207,2,1945,1,3,1,2,7,1,2,99,2,4,5,6,1,2
1436,1,0.804619102754207,2,1943,1,4,1,3,5,1,3,3,2,3,1,3,2,2
1437,0,,1,1948,1,6,1,2,7,1,,,1,,,4,1,2
1438,0,,2,1951,1,6,1,4,4,0,4,3,9,2,3,1,2,2
1439,1,0.573182696288446,2,1933,1,5,1,1,1,-1,1,99,2,1,4,3,1,1
1440,0,,2,1949,1,6,1,2,7,1,2,99,2,4,3,1,2,2
1441,1,1.34403845874874,1,1982,2,1,2,1,1,-1,,,2,,,5,2,1
1442,1,0.96139829391745,2,1967,1,4,1,2,7,1,2,99,2,3,3,6,1,2
1443,1,0.448018604604137,2,1952,1,5,7,3,3,-1,3,1,1,2,3,3,2,1
1444,0,,2,1953,1,3,1,2,7,1,2,99,2,4,5,1,1,2
1445,0,,2,1950,1,5,1,2,7,1,2,99,2,3,5,6,1,2
1446,1,0.787936919270103,2,1969,1,5,1,1,2,-1,1,99,2,1,3,2,2,1
1447,1,0.425030840215298,1,1979,2,2,1,3,4,0,,,9,,,5,1,2
1448,0,,1,1949,1,5,1,1,1,-1,,,2,,,2,2,1
1449,0,,2,1950,1,6,1,2,7,1,2,99,2,3,5,1,1,2
1450,0,,1,1965,1,5,1,3,8,,,,9,,,5,2,2
1451,0,,2,1943,1,5,1,2,7,1,2,99,1,3,3,2,2,2
1452,0,,1,1975,2,4,3,2,6,1,,,2,,,4,1,2
1453,0,,2,1944,1,5,1,2,6,1,2,99,2,3,3,4,2,2
1454,1,0.895286630864664,2,1993,2,3,2,1,2,-1,1,99,1,1,2,2,1,1
1455,0,,1,1968,1,6,1,4,5,1,,,2,,,3,2,2
1456,1,1.92378080628024,1,1995,1,3,1,5,4,0,,,9,,,3,1,2
1457,0,,1,1954,2,2,2,1,1,-1,,,2,,,6,2,1
1458,0,,1,1946,1,3,1,1,1,-1,,,2,,,3,1,1
1459,1,0.804619102754207,2,1951,1,3,1,3,5,1,3,2,2,3,3,5,2,2
1460,1,2.48880537554619,1,1983,1,1,1,3,4,0,,,9,,,4,1,2
1461,0,,2,1943,1,6,1,2,7,1,2,99,2,3,3,3,2,2
1462,1,1.14484021674773,2,1959,1,2,1,1,1,-1,1,99,2,1,2,3,1,1
1463,0,,2,1949,1,3,1,2,7,1,2,99,2,3,4,5,2,2
1464,1,1.53641206991372,1,1973,1,3,3,3,5,1,,,1,,,3,1,2
1465,1,1.20409765474606,2,1998,2,1,3,1,2,-1,1,99,2,1,3,3,1,1
1466,0,,2,1945,1,4,1,2,7,1,2,99,2,4,5,3,2,2
1467,0,,1,1989,1,5,4,1,1,-1,,,1,,,4,2,1
1468,1,0.49614786384941,2,1991,2,5,3,1,1,-1,1,99,1,2,2,4,2,1
1469,0,,2,1962,1,4,5,4,5,1,2,99,2,4,5,5,1,2
1470,1,0.630825735270836,2,1970,2,2,1,1,2,-1,1,99,2,1,3,4,1,1
1471,1,0.643725050155805,2,1933,1,5,1,2,7,1,2,99,2,4,3,3,2,2
1472,1,1.76816143340461,1,1995,1,2,1,5,5,1,,,1,,,4,1,2
1473,0,,2,1952,1,6,1,2,7,1,2,99,2,4,1,3,1,2
1474,1,0.642656274379357,2,1991,1,5,1,3,5,1,3,2,2,4,3,4,1,2
1475,0,,1,1969,1,6,1,1,1,-1,,,2,,,4,2,1
1476,1,0.884909359897196,2,1958,1,5,1,4,5,1,4,2,1,3,1,1,2,2
1477,1,0.804619102754207,2,1951,1,3,1,2,7,1,2,99,2,4,4,3,1,2
1478,0,,2,1950,1,5,1,1,1,-1,1,99,1,2,4,4,1,1
1479,1,0.982285110792385,2,1959,1,6,1,2,6,1,2,99,1,3,5,4,2,2
1480,0,,2,1985,1,6,1,1,1,-1,1,99,2,1,4,3,1,1
1481,1,1.25158463862863,2,1967,1,5,2,2,7,1,2,99,1,4,2,2,1,2
1482,1,0.71644523805656,2,1950,1,3,1,1,1,-1,1,99,2,2,5,5,2,1
1483,0,,2,1943,1,5,1,2,7,1,2,99,2,4,2,4,2,2
1484,1,0.780195877560528,2,1983,1,5,1,1,1,-1,1,99,2,1,1,4,2,1
1485,1,0.884909359897196,2,1963,1,5,1,4,5,1,3,3,2,3,3,3,1,2
1486,0,,1,1985,1,5,1,1,2,-1,,,2,,,3,2,1
1487,0,,1,1990,1,3,1,2,7,1,,,2,,,3,2,2
1488,0,,1,1957,1,3,3,3,4,0,,,9,,,5,1,1
1489,0,,1,1945,1,3,1,2,6,1,,,8,,,3,1,2
1490,1,0.856043843845039,2,1962,1,4,1,1,1,-1,1,99,1,1,5,4,2,1
1491,0,,2,1947,1,4,7,4,5,1,4,2,2,4,1,3,1,2
1492,1,0.863324914404122,2,1935,1,6,1,3,5,1,3,2,2,4,4,2,1,2
1493,0,,2,1949,1,5,1,2,7,1,2,99,2,3,3,3,1,2
1494,0,,1,1949,1,5,1,3,3,-1,,,1,,,1,1,1
1495,0,,1,1936,1,3,1,2,7,1,,,2,,,3,2,2
1496,0,,2,1949,1,6,7,3,5,1,3,2,2,4,2,4,1,2
1497,0,,1,1960,1,5,1,3,5,1,,,2,,,2,2,2
1498,0,,1,1940,1,6,1,1,2,-1,,,1,,,2,1,1
1499,1,0.643725050155805,2,1951,1,5,1,3,4,0,3,3,9,2,3,3,1,2
1500,0,,1,1943,1,4,1,3,3,-1,,,2,,,4,2,1
1501,0,,1,1944,1,5,1,3,5,1,,,1,,,3,1,2
1502,0,,1,1964,1,3,1,3,4,0,,,9,,,4,2,2
1503,0,,1,1996,1,3,4,1,2,-1,,,2,,,1,2,1
1504,1,0.65225308029324,2,1982,2,2,5,3,4,0,3,3,9,4,3,3,1,1
1505,0,,2,1951,1,2,1,1,1,-1,1,99,2,2,3,2,1,1
1506,0,,2,1953,1,4,1,3,5,1,3,2,2,4,5,3,2,2
1507,0,,1,1956,2,5,3,1,1,-1,,,2,,,3,1,1
1508,1,2.45026540357049,1,2000,2,1,6,1,1,-1,,,2,,,3,2,1
1509,1,0.456430349491937,2,1966,1,6,1,3,4,0,3,3,9,2,5,5,1,1
1510,0,,2,1947,1,6,1,3,4,0,3,1,9,2,4,3,2,2
1511,0,,2,1945,1,3,1,3,5,1,2,99,2,3,3,5,2,2
1512,1,0.58816015101465,2,1980,1,6,1,3,4,0,3,3,9,4,1,3,2,1
1513,0,,1,1972,1,5,2,1,2,-1,,,2,,,3,1,1
1514,1,0.708462294319573,2,1957,2,2,1,3,5,1,3,2,2,4,5,4,2,2
1515,0,,2,1943,1,6,1,2,7,1,2,99,2,3,5,1,2,2
1516,0,,2,1955,1,6,1,4,4,0,4,3,9,4,3,5,2,2
1517,1,2.03228302417687,1,1986,1,2,3,1,1,-1,,,1,,,3,1,1
1518,0,,2,1946,1,6,1,3,5,1,4,2,1,3,2,2,2,2
1519,1,1.82246540514325,1,1988,1,2,1,3,3,-1,,,2,,,3,1,1
1520,1,0.601778597311031,2,1987,1,3,1,3,4,0,3,3,9,2,2,2,1,1
1521,1,0.643725050155805,2,1940,1,5,1,2,7,1,2,99,1,3,3,2,2,2
1522,1,0.665981411898968,2,1982,2,2,1,5,5,1,2,99,2,4,5,3,1,2
1523,0,,2,1978,1,5,1,3,4,0,3,3,9,2,4,1,2,1
1524,1,0.787936919270103,2,1962,1,5,1,1,2,-1,1,99,8,2,4,4,2,1
1525,0,,2,1956,1,5,1,3,5,1,3,2,2,3,4,2,1,2
1526,1,1.82148236407387,2,1974,1,3,3,3,5,1,3,2,2,3,5,1,2,2
1527,1,0.776761030140514,2,1980,2,3,1,1,1,-1,1,99,2,2,5,3,1,1
1528,0,,2,1944,1,6,1,3,5,1,3,2,1,3,3,4,2,2
1529,1,1.65412395103042,1,1989,1,2,1,3,3,-1,,,2,,,4,2,1
1530,1,0.872358039284998,2,1984,2,4,1,2,7,1,2,99,2,3,3,4,1,2
1531,1,2.55665403608482,1,1981,1,2,2,1,1,-1,,,1,,,2,1,1
1532,1,0.957608854729008,2,1987,2,6,1,1,1,-1,1,99,2,1,2,2,2,1
1533,0,,1,1947,1,5,1,3,3,-1,,,2,,,3,2,1
1534,1,0.458800909212826,2,1997,2,2,1,1,2,-1,1,99,1,1,3,4,1,1
1535,1,0.556700282958086,2,1988,2,2,1,3,4,0,3,3,9,1,4,5,2,2
1536,0,,1,1978,1,2,1,1,1,-1,,,1,,,4,1,1
1537,1,0.884909359897196,2,1973,1,5,1,2,7,1,2,99,1,4,5,3,2,2
1538,1,0.693653502707592,1,1992,2,2,1,2,7,1,,,1,,,4,1,2
1539,1,1.00186730645945,2,1964,1,3,1,5,4,0,3,3,9,2,3,4,2,2
1540,1,0.739480270844107,2,1986,2,3,1,1,2,-1,1,99,2,2,3,2,2,1
1541,0,,1,1972,1,5,3,1,1,-1,,,1,,,3,1,1
1542,0,,1,1986,1,5,1,3,4,0,,,9,,,3,1,1
1543,1,3.13905753365362,1,1972,1,2,2,2,7,1,,,2,,,1,1,2
1544,1,1.35055742006024,1,1969,1,2,1,2,6,1,,,2,,,3,2,2
1545,0,,1,1982,2,2,1,2,7,1,,,2,,,4,2,2
1546,0,,1,1954,1,4,3,1,2,-1,,,2,,,3,1,1
1547,0,,1,1948,1,6,1,3,5,1,,,1,,,4,2,2
1548,0,,1,1978,2,3,6,1,2,-1,,,2,,,6,2,1
1549,1,1.51999769144767,2,1956,2,3,6,5,8,,4,8,9,3,3,5,1,2
1550,0,,1,1961,2,3,2,1,2,-1,,,1,,,4,1,1
1551,0,,1,1970,2,5,2,1,1,-1,,,2,,,6,2,1
1552,1,0.393334271618138,2,1963,2,5,3,2,7,1,2,99,2,3,3,2,1,2
1553,1,0.354570988571075,1,1991,2,1,2,5,4,0,,,9,,,2,1,1
1554,0,,1,1966,1,5,1,1,1,-1,,,1,,,3,1,1
1555,1,0.828024661055872,2,1979,2,3,2,1,1,-1,1,99,2,2,4,3,2,1
1556,1,0.930477140522507,1,1997,1,2,5,3,4,0,,,9,,,4,2,2
1557,1,1.31114446998689,1,1979,2,1,6,1,2,-1,,,2,,,4,2,1
1558,1,0.957608854729008,2,1978,2,6,1,1,1,-1,1,99,2,1,5,3,1,1
1559,0,,1,1942,2,2,3,1,2,-1,,,2,,,3,2,1
1560,0,,1,1984,2,2,3,5,8,,,,9,,,4,2,1
1561,1,0.607938546689729,1,1993,2,4,3,2,6,1,,,2,,,4,1,2
1562,1,2.45871389204167,1,1969,1,1,1,3,3,-1,,,2,,,3,2,1
1563,1,0.96139829391745,2,1964,1,3,1,5,5,1,2,99,1,3,3,5,1,2
1564,0,,1,1966,2,5,1,2,7,1,,,1,,,2,1,2
1565,1,0.174836917982633,2,1994,2,3,6,3,4,0,3,3,9,2,4,4,2,2
1566,1,0.328480427551693,2,1979,2,3,1,3,5,1,3,2,2,4,5,2,1,2
1567,1,0.541657318202852,2,1969,1,5,7,4,4,0,4,3,9,3,3,2,1,2
1568,1,0.839683774514123,2,1987,2,3,2,1,1,-1,1,99,1,1,1,5,1,1
1569,0,,2,1961,2,6,5,3,5,1,3,2,1,4,5,4,2,2
1570,1,0.627552416782292,2,1973,1,2,1,3,4,0,3,3,9,3,3,4,1,1
1571,0,,2,1968,2,5,1,3,5,1,3,8,2,2,5,3,2,2
1572,0,,1,1953,1,4,1,3,4,0,,,9,,,2,2,2
1573,1,0.619150260926282,2,1936,2,5,1,1,2,-1,1,99,2,2,4,4,1,1
1574,1,0.643725050155805,2,1937,1,5,1,2,6,1,2,99,2,4,5,5,2,2
1575,1,1.16025317861764,2,1969,2,5,1,2,7,1,2,99,2,4,3,1,1,2
1576,1,0.787936919270103,2,1966,1,5,1,4,3,-1,1,99,1,2,5,4,2,1
1577,1,1.09744418390033,2,1979,2,5,1,1,2,-1,1,99,2,2,5,2,1,1
1578,0,,2,1949,1,6,6,3,3,-1,3,1,2,2,4,3,2,1
1579,1,1.02363355994942,2,1936,2,3,1,3,5,1,3,2,2,4,5,2,2,2
1580,1,0.462857178885797,2,1970,1,6,1,2,6,1,2,99,2,3,5,1,1,2
1581,0,,2,1947,1,4,1,1,1,-1,1,99,2,2,5,4,1,1
1582,0,,2,1945,2,6,1,1,1,-1,1,99,1,2,5,3,2,1
1583,0,,1,1968,1,3,1,3,5,1,,,2,,,1,1,2
1584,0,,2,1949,1,5,1,4,3,-1,4,1,2,2,5,4,2,1
1585,1,0.911459082975157,2,1932,2,3,1,1,1,-1,1,99,2,2,5,3,1,1
1586,1,1.02363355994942,2,1941,2,3,1,3,5,1,3,2,2,3,5,3,2,2
1587,1,1.1907352348586,2,1954,2,3,1,3,4,0,3,3,9,4,5,3,1,1
1588,1,0.600549161804789,2,1969,2,2,1,1,2,-1,1,99,1,2,3,5,2,1
1589,1,0.7673927847094,2,1949,2,5,1,2,7,1,2,99,2,4,5,4,1,2
1590,1,1.16025317861764,2,1968,2,5,1,2,7,1,2,99,2,4,4,2,1,2
1591,1,0.792699433241411,2,1969,1,6,1,3,4,0,3,3,9,2,3,3,2,1
1592,0,,2,1949,1,6,1,1,1,-1,1,99,2,1,5,5,2,1
1593,0,,2,1944,1,6,1,3,8,,3,8,9,4,3,4,1,2
1594,0,,1,1956,2,5,1,2,7,1,,,2,,,4,2,2
1595,1,0.693396470269926,2,1940,2,3,1,3,3,-1,3,1,2,2,4,3,1,1
1596,1,1.09744418390033,2,1986,2,5,1,1,2,-1,1,99,2,2,5,1,1,1
1597,0,,2,1951,1,3,1,1,2,-1,1,99,1,1,1,3,1,1
1598,1,1.06024898722943,2,1969,2,3,1,1,1,-1,1,99,1,2,4,3,2,1
1599,1,1.1907352348586,2,1958,2,3,1,4,5,1,4,2,1,3,3,3,2,2
1600,0,,1,1959,2,6,1,1,1,-1,,,2,,,3,1,1
1601,1,0.983523159223855,2,1957,2,5,1,5,5,1,1,99,2,1,4,5,1,2
1602,1,1.06024898722943,2,1967,2,4,1,3,3,-1,3,1,2,2,3,3,2,1
1603,0,,2,1957,2,3,1,1,2,-1,1,99,1,2,3,3,2,1
1604,1,0.532943640625743,2,1976,1,6,1,3,3,-1,3,1,1,2,4,2,1,1
1605,0,,2,1969,1,5,1,1,1,-1,1,99,1,1,3,3,2,1
1606,1,0.913098958636782,2,1986,1,5,1,1,1,-1,1,99,1,1,5,3,2,1
1607,1,0.96688288929941,2,1996,2,3,1,1,1,-1,1,99,1,1,3,3,1,1
1608,1,0.787936919270103,2,1970,1,5,1,2,7,1,1,99,1,2,5,5,1,2
1609,1,0.96688288929941,2,1991,2,4,1,1,1,-1,1,99,2,1,2,3,1,1
1610,0,,1,1955,2,2,1,2,7,1,,,2,,,6,2,2
1611,1,0.630825735270836,2,1957,2,2,1,3,4,0,4,8,9,2,4,3,2,1
1612,1,0.532451700575617,2,1995,2,5,1,3,3,-1,3,1,2,1,4,3,1,1
1613,1,1.22105211495936,1,1989,2,1,3,3,3,-1,,,1,,,1,1,1
1614,1,2.94136324231185,2,1956,1,1,1,3,5,1,3,2,2,3,3,4,2,2
1615,0,,1,1990,2,3,3,2,6,1,,,2,,,3,2,2
1616,1,0.537466615717963,2,1991,2,4,1,1,1,-1,1,99,1,1,3,1,1,1
1617,1,1.09782118808844,2,1978,1,3,1,4,3,-1,4,1,1,2,2,2,2,1
1618,1,1.6437712913732,2,1995,1,3,1,1,1,-1,1,99,1,1,3,3,2,1
1619,0,,1,1965,1,3,1,2,7,1,,,2,,,1,1,2
1620,1,0.544766729297549,2,1991,1,5,1,1,2,-1,1,99,2,2,2,3,1,1
1621,1,0.433691859221341,2,1988,1,5,1,4,3,-1,4,1,1,2,2,3,2,1
1622,0,,2,1955,1,4,1,2,6,1,2,99,2,4,5,4,2,2
1623,1,0.708913822603838,2,1995,2,2,1,2,6,1,2,99,2,4,3,3,1,2
1624,1,0.96139829391745,2,1968,1,3,1,2,7,1,2,99,2,3,3,3,1,2
1625,1,1.28573721907238,2,1962,1,2,1,4,5,1,2,99,1,3,2,3,2,2
